Company_Name,Year,Total_Assets,Total_Debt,Total_Equity,Revenue,Operating_Income(added),Net_Income(added),Revenue_Increase_Rate,Operating_Income(added)_Increase_Rate,Net_Income(added)_Increase_Rate,Revenue_Profit_Status,Operating_Income(added)_Profit_Status,Net_Income(added)_Profit_Status,Debt_Equity_Ratio,ROA,ROE,EPS,PER
삼성전자,2017,198241360000000.0,46671585000000.0,151569775000000.0,161915007000000.0,34857091000000.0,28800837000000.0,0.0,0.0,0.0,P,P,P,30.79,14.53,19.0,5997.0,8.5
삼성전자,2018,219021357000000.0,46033232000000.0,172988125000000.0,170381870000000.0,43699451000000.0,32815127000000.0,4.969345036534697,20.23448761404348,12.233047277251128,P_Contd,P_Contd,P_Contd,26.61,14.98,18.97,6461.0,5.99
삼성전자,2019,216180920000000.0,38310673000000.0,177870247000000.0,154772859000000.0,14115067000000.0,15353323000000.0,-10.085108655904586,-209.59435757549008,-113.73305961191593,P_Contd,P_Contd,P_Contd,21.54,7.1,8.63,3166.0,17.62
삼성전자,2020,229664427000000.0,46347703000000.0,183316724000000.0,166311191000000.0,20518974000000.0,15615018000000.0,6.937796507031208,31.20968426588971,1.6759186572823677,P_Contd,P_Contd,P_Contd,25.28,6.8,8.52,3841.0,21.09
삼성전자,2021,251112184000000.0,57918452000000.0,193193732000000.0,199744705000000.0,31993162000000.0,30970954000000.0,16.738122795295123,35.86450129562061,49.58173390461269,P_Contd,P_Contd,P_Contd,29.98,12.33,16.03,5777.0,13.55
삼성전자,2022,260083750000000.0,50667559000000.0,209416191000000.0,211867483000000.0,25319329000000.0,25418778000000.0,5.721868135847916,-26.358648761979435,-21.84281242788304,P_Contd,P_Contd,P_Contd,24.19,9.77,12.14,8057.0,6.86
SK하이닉스,2017,44312846000000.0,11540971000000.0,32771875000000.0,29718939000000.0,13340791000000.0,10110797000000.0,0.0,0.0,0.0,P,P,P,30.79,14.53,19.0,15073.0,5.08
SK하이닉스,2018,60980608000000.0,15319715000000.0,45660893000000.0,40324651000000.0,20579078000000.0,15407086000000.0,4.969345036534697,20.23448761404348,12.233047277251128,P_Contd,P_Contd,P_Contd,26.61,14.98,18.97,22255.0,2.72
SK하이닉스,2019,57710070000000.0,11665849000000.0,46044221000000.0,25320755000000.0,1983239000000.0,1484294000000.0,-10.085108655904586,-209.59435757549008,-113.73305961191593,P_Contd,P_Contd,P_Contd,21.54,7.1,8.63,2943.0,31.97
SK하이닉스,2020,64071005000000.0,14496701000000.0,49574304000000.0,30524987000000.0,4545877000000.0,4217841000000.0,6.937796507031208,31.20968426588971,1.6759186572823677,P_Contd,P_Contd,P_Contd,25.28,6.8,8.52,6952.0,17.05
SK하이닉스,2021,84972544000000.0,26234930000000.0,58737614000000.0,41557337000000.0,12183360000000.0,9567226000000.0,16.738122795295123,35.86450129562061,49.58173390461269,P_Contd,P_Contd,P_Contd,29.98,12.33,16.03,13989.0,9.36
SK하이닉스,2022,91800233000000.0,31637411000000.0,60162822000000.0,37878699000000.0,7660947000000.0,2790457000000.0,5.721868135847916,-26.358648761979435,-21.84281242788304,P_Contd,P_Contd,P_Contd,24.19,9.77,12.14,3242.0,23.13
LG에너지솔루션,2017,,,,,,,,,,,,,,,,,
LG에너지솔루션,2018,,,,,,,,,,,,,,,,,
LG에너지솔루션,2019,,,,,,,,,,,,,,,,,
LG에너지솔루션,2020,,,,,,,,,,,,,,,,,
LG에너지솔루션,2021,,,,,,,,,,,,,,,,,
LG에너지솔루션,2022,,,,,,,,,,,,,,,,,
삼성바이오로직스,2017,7183091162578.0,3206640270217.0,3976450892361.0,464629334143.0,65979402411.0,-96972115811.0,0.0,0.0,0.0,P,P,L,30.79,14.53,19.0,-1466.0,-250.11
삼성바이오로직스,2018,5980408648293.0,1824940197145.0,4155468451148.0,535805801067.0,55678744526.0,224109194872.0,4.969345036534697,20.23448761404348,12.233047277251128,P_Contd,P_Contd,P_Turned,26.61,14.98,18.97,3387.0,112.78
삼성바이오로직스,2019,5911626511920.0,1557172766554.0,4354453745366.0,701591859755.0,91742387198.0,202904099088.0,-10.085108655904586,-209.59435757549008,-113.73305961191593,P_Contd,P_Contd,P_Contd,21.54,7.1,8.63,3067.0,139.53
삼성바이오로직스,2020,4367217698635.0,1372376630197.0,2994841068438.0,1164776873641.0,292588545213.0,250968822411.0,6.937796507031208,31.20968426588971,1.6759186572823677,P_Contd,P_Contd,P_Contd,25.28,6.8,8.52,3642.0,224.14
삼성바이오로직스,2021,5903411708929.0,2488139898272.0,3415271810657.0,1568006928039.0,536494668567.0,423177019136.0,16.738122795295123,35.86450129562061,49.58173390461269,P_Contd,P_Contd,P_Contd,29.98,12.33,16.03,5949.0,150.01
삼성바이오로직스,2022,12165838879527.0,4869235661247.0,7296603218280.0,2437286111838.0,968050593669.0,686792936517.0,5.721868135847916,-26.358648761979435,-21.84281242788304,P_Contd,P_Contd,P_Contd,24.19,9.77,12.14,11442.0,71.75
현대차,2017,70075274000000.0,16144574000000.0,53930700000000.0,41604869000000.0,2163447000000.0,2551319000000.0,0.0,0.0,0.0,P,P,P,30.79,14.53,19.0,14993.0,10.4
현대차,2018,69408737000000.0,17166721000000.0,52242016000000.0,43160108000000.0,-59322000000.0,374888000000.0,4.969345036534697,20.23448761404348,12.233047277251128,P_Contd,L_Turned,P_Contd,26.61,14.98,18.97,5632.0,21.04
현대차,2019,73758825000000.0,20238210000000.0,53520615000000.0,49155693000000.0,1580164000000.0,2767666000000.0,-10.085108655904586,-209.59435757549008,-113.73305961191593,P_Contd,P_Turned,P_Contd,21.54,7.1,8.63,11310.0,10.65
현대차,2020,78252289000000.0,25063780000000.0,53188509000000.0,50661002000000.0,768626000000.0,526975000000.0,6.937796507031208,31.20968426588971,1.6759186572823677,P_Contd,P_Contd,P_Contd,25.28,6.8,8.52,5454.0,35.2
현대차,2021,79758300000000.0,27083288000000.0,52675012000000.0,55605120000000.0,661623000000.0,645526000000.0,16.738122795295123,35.86450129562061,49.58173390461269,P_Contd,P_Contd,P_Contd,29.98,12.33,16.03,18979.0,11.01
현대차,2022,83412349000000.0,27656534000000.0,55755815000000.0,65308350000000.0,2828569000000.0,3701958000000.0,5.721868135847916,-26.358648761979435,-21.84281242788304,P_Contd,P_Contd,P_Contd,24.19,9.77,12.14,28521.0,5.29
삼성전자우,2017,,,,,,,,,,,,,,,,,
삼성전자우,2018,,,,,,,,,,,,,,,,,
삼성전자우,2019,,,,,,,,,,,,,,,,,
삼성전자우,2020,,,,,,,,,,,,,,,,,
삼성전자우,2021,,,,,,,,,,,,,,,,,
삼성전자우,2022,,,,,,,,,,,,,,,,,
기아,2017,38605013000000.0,16467689000000.0,22137324000000.0,32109883000000.0,602609000000.0,927052000000.0,0.0,0.0,0.0,P,P,P,30.79,14.53,19.0,2414.0,13.88
기아,2018,37149602000000.0,15151912000000.0,21997690000000.0,31912189000000.0,392641000000.0,400796000000.0,4.969345036534697,20.23448761404348,12.233047277251128,P_Contd,P_Contd,P_Contd,26.61,14.98,18.97,2883.0,11.69
기아,2019,38356281000000.0,15206063000000.0,23150218000000.0,33857781000000.0,1479048000000.0,1515598000000.0,-10.085108655904586,-209.59435757549008,-113.73305961191593,P_Contd,P_Contd,P_Contd,21.54,7.1,8.63,4556.0,9.72
기아,2020,41591553000000.0,18007411000000.0,23584142000000.0,34362327000000.0,1169129000000.0,765221000000.0,6.937796507031208,31.20968426588971,1.6759186572823677,P_Contd,P_Contd,P_Contd,25.28,6.8,8.52,3710.0,16.82
기아,2021,45188766000000.0,19612854000000.0,25575912000000.0,40979570000000.0,2819212000000.0,2231008000000.0,16.738122795295123,35.86450129562061,49.58173390461269,P_Contd,P_Contd,P_Contd,29.98,12.33,16.03,11874.0,6.92
기아,2022,46715448000000.0,20245275000000.0,26470173000000.0,46409721000000.0,3000886000000.0,1953513000000.0,5.721868135847916,-26.358648761979435,-21.84281242788304,P_Contd,P_Contd,P_Contd,24.19,9.77,12.14,13495.0,4.39
셀트리온,2017,3138184504740.0,733242262979.0,2404942241761.0,828917201749.0,477891619440.0,362083993186.0,0.0,0.0,0.0,P,P,P,30.79,14.53,19.0,2898.0,70.31
셀트리온,2018,3370639261764.0,766576994169.0,2604062267595.0,861884226306.0,319413201208.0,238274199791.0,4.969345036534697,20.23448761404348,12.233047277251128,P_Contd,P_Contd,P_Contd,26.61,14.98,18.97,1932.0,102.13
셀트리온,2019,3674522702268.0,803855701471.0,2870667000797.0,981870268852.0,363391097232.0,289754684653.0,-10.085108655904586,-209.59435757549008,-113.73305961191593,P_Contd,P_Contd,P_Contd,21.54,7.1,8.63,2369.0,70.94
셀트리온,2020,4781125289232.0,1359837342211.0,3421287947021.0,1689786996813.0,709774140131.0,514270057774.0,6.937796507031208,31.20968426588971,1.6759186572823677,P_Contd,P_Contd,P_Contd,25.28,6.8,8.52,3855.0,88.04
셀트리온,2021,5315369383748.0,1315561451471.0,3999807932277.0,1615839889808.0,717162652560.0,575982802441.0,16.738122795295123,35.86450129562061,49.58173390461269,P_Contd,P_Contd,P_Contd,29.98,12.33,16.03,4160.0,45.85
셀트리온,2022,5571483129934.0,1401534327356.0,4169948802578.0,1937469297473.0,618890773445.0,511383102268.0,5.721868135847916,-26.358648761979435,-21.84281242788304,P_Contd,P_Contd,P_Contd,24.19,9.77,12.14,3894.0,41.22
POSCO홀딩스,2017,53692257509875.0,7750802575899.0,45941454933976.0,28553814576380.0,2902452866692.0,2545685288495.0,0.0,0.0,0.0,P,P,P,30.79,14.53,19.0,34464.0,9.65
POSCO홀딩스,2018,54125979686154.0,8853877911368.0,45272101774786.0,30659425433515.0,3809375812684.0,1072591562885.0,4.969345036534697,20.23448761404348,12.233047277251128,P_Contd,P_Contd,P_Contd,26.61,14.98,18.97,20911.0,11.62
POSCO홀딩스,2019,55710766417120.0,10096581285877.0,45614185131243.0,30373510738515.0,2586359351732.0,1175712402299.0,-10.085108655904586,-209.59435757549008,-113.73305961191593,P_Contd,P_Contd,P_Contd,21.54,7.1,8.63,22823.0,10.36
POSCO홀딩스,2020,56794968501529.0,11680264402625.0,45114704098904.0,,1135196565145.0,965863440351.0,6.937796507031208,31.20968426588971,1.6759186572823677,L_Turned,P_Contd,P_Contd,25.28,6.8,8.52,20165.0,13.49
POSCO홀딩스,2021,64242758955889.0,15207333960857.0,49035424995032.0,,6649599886191.0,5181227349434.0,16.738122795295123,35.86450129562061,49.58173390461269,L_Turned,P_Contd,P_Contd,29.98,12.33,16.03,87330.0,3.14
POSCO홀딩스,2022,51149119209287.0,3977256531610.0,47171862677677.0,,1674892868684.0,-467852286299.0,5.721868135847916,-26.358648761979435,-21.84281242788304,L_Turned,P_Contd,L_Turned,24.19,9.77,12.14,41456.0,6.67
NAVER,2017,5342354582361.0,1408493957690.0,3933860624671.0,2930661324862.0,1178237472725.0,849412352708.0,0.0,0.0,0.0,P,P,P,30.79,14.53,19.0,26650.0,6.54
NAVER,2018,5928592453256.0,1371710609444.0,4556881843812.0,3459014042545.0,1263548953129.0,900422759591.0,4.969345036534697,20.23448761404348,12.233047277251128,P_Contd,P_Contd,P_Contd,26.61,14.98,18.97,4403.0,27.71
NAVER,2019,6671587333782.0,1142040460873.0,5529546872909.0,3900013295633.0,1393811994426.0,1092524543138.0,-10.085108655904586,-209.59435757549008,-113.73305961191593,P_Contd,P_Contd,P_Contd,21.54,7.1,8.63,4031.0,46.27
NAVER,2020,8823550533747.0,1561424037310.0,7262126496437.0,4126629312584.0,1440813731880.0,1196924543585.0,6.937796507031208,31.20968426588971,1.6759186572823677,P_Contd,P_Contd,P_Contd,25.28,6.8,8.52,7857.0,37.23
NAVER,2021,12962420565909.0,3629961914157.0,9332458651752.0,5018667294374.0,1558728780279.0,1524755009961.0,16.738122795295123,35.86450129562061,49.58173390461269,P_Contd,P_Contd,P_Contd,29.98,12.33,16.03,9977.0,37.94
NAVER,2022,13903842854242.0,4054023040775.0,9849819813467.0,5512586322305.0,1553794848099.0,1092157607856.0,5.721868135847916,-26.358648761979435,-21.84281242788304,P_Contd,P_Contd,P_Contd,24.19,9.77,12.14,5007.0,35.45
LG화학,2017,21148136000000.0,5642604000000.0,15505532000000.0,20880236000000.0,2293229000000.0,1605223000000.0,0.0,0.0,0.0,P,P,P,30.79,14.53,19.0,25367.0,15.97
LG화학,2018,23730578000000.0,7180672000000.0,16549906000000.0,23315318000000.0,1953618000000.0,1581064000000.0,4.969345036534697,20.23448761404348,12.233047277251128,P_Contd,P_Contd,P_Contd,26.61,14.98,18.97,19217.0,18.06
LG화학,2019,27027086000000.0,10566856000000.0,16460230000000.0,22312561000000.0,582425000000.0,365924000000.0,-10.085108655904586,-209.59435757549008,-113.73305961191593,P_Contd,P_Contd,P_Contd,21.54,7.1,8.63,4085.0,77.72
LG화학,2020,25850150000000.0,8886645000000.0,16963505000000.0,20830009000000.0,1114437000000.0,-98223000000.0,6.937796507031208,31.20968426588971,1.6759186572823677,P_Contd,P_Contd,L_Turned,25.28,6.8,8.52,6666.0,123.61
LG화학,2021,30929152000000.0,12144275000000.0,18784877000000.0,20471044000000.0,3019160000000.0,2514263000000.0,16.738122795295123,35.86450129562061,49.58173390461269,P_Contd,P_Contd,P_Turned,29.98,12.33,16.03,47108.0,13.06
LG화학,2022,32872824000000.0,11799396000000.0,21073428000000.0,23403601000000.0,1070050000000.0,3006969000000.0,5.721868135847916,-26.358648761979435,-21.84281242788304,P_Contd,P_Contd,P_Contd,24.19,9.77,12.14,23670.0,25.35
삼성물산,2017,39678100463885.0,17650617005621.0,22027483458264.0,20442825136863.0,561914029164.0,463362237752.0,0.0,0.0,0.0,P,P,P,30.79,14.53,19.0,3879.0,32.48
삼성물산,2018,33881783528707.0,14984504076957.0,18897279451750.0,20833131447378.0,709401182312.0,1182376632740.0,4.969345036534697,20.23448761404348,12.233047277251128,P_Contd,P_Contd,P_Contd,26.61,14.98,18.97,10384.0,10.16
삼성물산,2019,36561826429383.0,14003083876250.0,22558742553133.0,19983631881162.0,583499953884.0,541070882362.0,-10.085108655904586,-209.59435757549008,-113.73305961191593,P_Contd,P_Contd,P_Contd,21.54,7.1,8.63,6366.0,17.04
삼성물산,2020,44441591860769.0,16447065253408.0,27994526607361.0,19088822949941.0,278155356937.0,320230085224.0,6.937796507031208,31.20968426588971,1.6759186572823677,P_Contd,P_Contd,P_Contd,25.28,6.8,8.52,6278.0,21.98
삼성물산,2021,44180917710443.0,15772892928907.0,28408024781536.0,21120591426321.0,249274050080.0,1916891322701.0,16.738122795295123,35.86450129562061,49.58173390461269,P_Contd,P_Contd,P_Contd,29.98,12.33,16.03,9913.0,12.0
삼성물산,2022,39636329822007.0,15712704457651.0,23923625364356.0,26406560657427.0,939411976975.0,1461807708663.0,5.721868135847916,-26.358648761979435,-21.84281242788304,P_Contd,P_Contd,P_Contd,24.19,9.77,12.14,12460.0,9.11
KB금융,2017,,,,,,,,,,,,,,,,,
KB금융,2018,,,,,,,,,,,,,,,,,
KB금융,2019,,,,,,,,,,,,,,,,,
KB금융,2020,,,,,,,,,,,,,,,,,
KB금융,2021,,,,,,,,,,,,,,,,,
KB금융,2022,,,,,,,,,,,,,,,,,
삼성SDI,2017,13134937701171.0,2847559629251.0,10287378071920.0,5445917363237.0,16327287077.0,99537445309.0,0.0,0.0,0.0,P,P,P,30.79,14.53,19.0,9824.0,20.82
삼성SDI,2018,15306118083143.0,4545091478758.0,10761026604385.0,8186909424218.0,549903805585.0,525836916656.0,4.969345036534697,20.23448761404348,12.233047277251128,P_Contd,P_Contd,P_Contd,26.61,14.98,18.97,10484.0,20.89
삼성SDI,2019,14986191799753.0,4037257499956.0,10948934299797.0,8250811204936.0,207405504859.0,199668521542.0,-10.085108655904586,-209.59435757549008,-113.73305961191593,P_Contd,P_Contd,P_Contd,21.54,7.1,8.63,5331.0,44.27
삼성SDI,2020,15284961777810.0,4067344061422.0,11217617716388.0,9101397946638.0,231336454897.0,217316042502.0,6.937796507031208,31.20968426588971,1.6759186572823677,P_Contd,P_Contd,P_Contd,25.28,6.8,8.52,8593.0,73.08
삼성SDI,2021,16844996871874.0,4852126688256.0,11992870183618.0,11581771056654.0,587613961160.0,596549843243.0,16.738122795295123,35.86450129562061,49.58173390461269,P_Contd,P_Contd,P_Contd,29.98,12.33,16.03,17492.0,37.45
삼성SDI,2022,18848886743159.0,6192868704238.0,12656018038921.0,17458293610190.0,1010874358599.0,865838207080.0,5.721868135847916,-26.358648761979435,-21.84281242788304,P_Contd,P_Contd,P_Contd,24.19,9.77,12.14,29191.0,20.25
카카오,2017,4956877856097.0,1399168269786.0,3557709586311.0,,97550822849.0,217553834744.0,0.0,0.0,0.0,L,P,P,30.79,14.53,19.0,1602.0,17.16
카카오,2018,6202838878843.0,1451495628952.0,4751343249891.0,,122366055178.0,90230380212.0,4.969345036534697,20.23448761404348,12.233047277251128,L_Turned,P_Contd,P_Contd,26.61,14.98,18.97,623.0,33.18
카카오,2019,6484360616810.0,1626049788775.0,4858310828035.0,,196063924523.0,-259705692892.0,-10.085108655904586,-209.59435757549008,-113.73305961191593,L_Turned,P_Contd,L_Turned,21.54,7.1,8.63,-3776.0,-8.16
카카오,2020,7345506484784.0,2020061399372.0,5325445085412.0,,300064492177.0,-117878818553.0,6.937796507031208,31.20968426588971,1.6759186572823677,L_Turned,P_Contd,L_Contd,25.28,6.8,8.52,1838.0,42.53
카카오,2021,10024652294434.0,3470447600428.0,6554204694006.0,,402025254785.0,506621417832.0,16.738122795295123,35.86450129562061,49.58173390461269,L_Turned,P_Contd,P_Turned,29.98,12.33,16.03,3221.0,34.93
카카오,2022,10791496254634.0,3700233355682.0,7091262898952.0,,551113878999.0,1617331663538.0,5.721868135847916,-26.358648761979435,-21.84281242788304,L_Turned,P_Contd,P_Contd,24.19,9.77,12.14,3106.0,17.1
신한지주,2017,,,,,,,,,,,,,,,,,
신한지주,2018,,,,,,,,,,,,,,,,,
신한지주,2019,,,,,,,,,,,,,,,,,
신한지주,2020,,,,,,,,,,,,,,,,,
신한지주,2021,,,,,,,,,,,,,,,,,
신한지주,2022,,,,,,,,,,,,,,,,,
포스코퓨처엠,2017,791424307196.0,148218775182.0,643205532014.0,1163917965558.0,100675140878.0,72870346568.0,0.0,0.0,0.0,P,P,P,30.79,14.53,19.0,1753.0,21.31
포스코퓨처엠,2018,837865593455.0,144056435504.0,693809157951.0,1340983671872.0,101825344066.0,78552424797.0,4.969345036534697,20.23448761404348,12.233047277251128,P_Contd,P_Contd,P_Contd,26.61,14.98,18.97,2237.0,26.73
포스코퓨처엠,2019,1620828354833.0,691424803096.0,929403551737.0,1434507298627.0,87564073190.0,89609078464.0,-10.085108655904586,-209.59435757549008,-113.73305961191593,P_Contd,P_Contd,P_Contd,21.54,7.1,8.63,1672.0,27.65
포스코퓨처엠,2020,1994121914672.0,1033109700790.0,961012213882.0,1524145792626.0,60449786310.0,55853976314.0,6.937796507031208,31.20968426588971,1.6759186572823677,P_Contd,P_Contd,P_Contd,25.28,6.8,8.52,485.0,214.43
포스코퓨처엠,2021,3761333047918.0,1430011876162.0,2331321171756.0,1939523998420.0,120612067369.0,119124206783.0,16.738122795295123,35.86450129562061,49.58173390461269,P_Contd,P_Contd,P_Contd,29.98,12.33,16.03,1753.0,82.14
포스코퓨처엠,2022,4276625735005.0,1849501419452.0,2427124315553.0,3041287029187.0,153190221448.0,114853460630.0,5.721868135847916,-26.358648761979435,-21.84281242788304,P_Contd,P_Contd,P_Contd,24.19,9.77,12.14,1527.0,117.88
현대모비스,2017,25362373000000.0,4129478000000.0,21232895000000.0,19417685000000.0,1462500000000.0,1427449000000.0,0.0,0.0,0.0,P,P,P,30.79,14.53,19.0,16558.0,15.88
현대모비스,2018,27177757000000.0,4771400000000.0,22406357000000.0,20517169000000.0,1548410000000.0,1559849000000.0,4.969345036534697,20.23448761404348,12.233047277251128,P_Contd,P_Contd,P_Contd,26.61,14.98,18.97,19944.0,9.53
현대모비스,2019,29800298000000.0,6299872000000.0,23500426000000.0,22624741000000.0,1679617000000.0,1906368000000.0,-10.085108655904586,-209.59435757549008,-113.73305961191593,P_Contd,P_Contd,P_Contd,21.54,7.1,8.63,24234.0,10.56
현대모비스,2020,31241433000000.0,7150182000000.0,24091251000000.0,22954483000000.0,1373830000000.0,1165464000000.0,6.937796507031208,31.20968426588971,1.6759186572823677,P_Contd,P_Contd,P_Contd,25.28,6.8,8.52,16389.0,15.59
현대모비스,2021,32576208000000.0,7997300000000.0,24578908000000.0,27328555000000.0,1358350000000.0,1426648000000.0,16.738122795295123,35.86450129562061,49.58173390461269,P_Contd,P_Contd,P_Contd,29.98,12.33,16.03,25645.0,9.92
현대모비스,2022,34782050000000.0,8693623000000.0,26088427000000.0,34052113000000.0,1405333000000.0,1576460000000.0,5.721868135847916,-26.358648761979435,-21.84281242788304,P_Contd,P_Contd,P_Contd,24.19,9.77,12.14,27163.0,7.38
삼성생명,2017,,,,,,,,,,,,,,,,,
삼성생명,2018,,,,,,,,,,,,,,,,,
삼성생명,2019,,,,,,,,,,,,,,,,,
삼성생명,2020,,,,,,,,,,,,,,,,,
삼성생명,2021,,,,,,,,,,,,,,,,,
삼성생명,2022,,,,,,,,,,,,,,,,,
하나금융지주,2017,,,,,,,,,,,,,,,,,
하나금융지주,2018,,,,,,,,,,,,,,,,,
하나금융지주,2019,,,,,,,,,,,,,,,,,
하나금융지주,2020,,,,,,,,,,,,,,,,,
하나금융지주,2021,,,,,,,,,,,,,,,,,
하나금융지주,2022,,,,,,,,,,,,,,,,,
LG전자,2017,28159781000000.0,18614924000000.0,9544857000000.0,31966513000000.0,701226000000.0,758046000000.0,0.0,0.0,0.0,P,P,P,30.79,14.53,19.0,9579.0,11.07
LG전자,2018,27865463000000.0,18502583000000.0,9362880000000.0,29982010000000.0,487716000000.0,-4774000000.0,4.969345036534697,20.23448761404348,12.233047277251128,P_Contd,P_Contd,L_Turned,26.61,14.98,18.97,6882.0,9.05
LG전자,2019,27474891000000.0,18581561000000.0,8893330000000.0,28654467000000.0,166009000000.0,-196118000000.0,-10.085108655904586,-209.59435757549008,-113.73305961191593,P_Contd,P_Contd,L_Contd,21.54,7.1,8.63,169.0,426.63
LG전자,2020,29699987000000.0,19778254000000.0,9921733000000.0,24043651000000.0,1294357000000.0,1211549000000.0,6.937796507031208,31.20968426588971,1.6759186572823677,P_Contd,P_Contd,P_Turned,25.28,6.8,8.52,10926.0,12.36
LG전자,2021,29593524000000.0,20703269000000.0,8890255000000.0,27115307000000.0,626594000000.0,-913538000000.0,16.738122795295123,35.86450129562061,49.58173390461269,P_Contd,P_Contd,L_Turned,29.98,12.33,16.03,5725.0,24.1
LG전자,2022,28712814000000.0,18823785000000.0,9889029000000.0,27791746000000.0,110787000000.0,854963000000.0,5.721868135847916,-26.358648761979435,-21.84281242788304,P_Contd,P_Contd,P_Turned,24.19,9.77,12.14,6640.0,13.03
삼성화재,2017,,,,,,,,,,,,,,,,,
삼성화재,2018,,,,,,,,,,,,,,,,,
삼성화재,2019,,,,,,,,,,,,,,,,,
삼성화재,2020,,,,,,,,,,,,,,,,,
삼성화재,2021,,,,,,,,,,,,,,,,,
삼성화재,2022,,,,,,,,,,,,,,,,,
LG,2017,9238893000000.0,457551000000.0,8781342000000.0,714845000000.0,496000000000.0,952754000000.0,0.0,0.0,0.0,P,P,P,30.79,14.53,19.0,13630.0,6.31
LG,2018,9327642000000.0,228901000000.0,9098741000000.0,757196000000.0,546302000000.0,552662000000.0,4.969345036534697,20.23448761404348,12.233047277251128,P_Contd,P_Contd,P_Contd,26.61,14.98,18.97,10603.0,6.23
LG,2019,9577961000000.0,251216000000.0,9326745000000.0,874672000000.0,643795000000.0,581161000000.0,-10.085108655904586,-209.59435757549008,-113.73305961191593,P_Contd,P_Contd,P_Contd,21.54,7.1,8.63,6143.0,11.35
LG,2020,10570840000000.0,301043000000.0,10269797000000.0,1016202000000.0,794023000000.0,1331351000000.0,6.937796507031208,31.20968426588971,1.6759186572823677,P_Contd,P_Contd,P_Contd,25.28,6.8,8.52,8338.0,9.91
LG,2021,9708699000000.0,298442000000.0,9410257000000.0,989760000000.0,740373000000.0,1234012000000.0,16.738122795295123,35.86450129562061,49.58173390461269,P_Contd,P_Contd,P_Contd,29.98,12.33,16.03,15504.0,5.22
LG,2022,9903973000000.0,363559000000.0,9540414000000.0,1067525000000.0,821445000000.0,737361000000.0,5.721868135847916,-26.358648761979435,-21.84281242788304,P_Contd,P_Contd,P_Contd,24.19,9.77,12.14,12422.0,6.29
메리츠금융지주,2017,,,,,,,,,,,,,,,,,
메리츠금융지주,2018,,,,,,,,,,,,,,,,,
메리츠금융지주,2019,,,,,,,,,,,,,,,,,
메리츠금융지주,2020,,,,,,,,,,,,,,,,,
메리츠금융지주,2021,,,,,,,,,,,,,,,,,
메리츠금융지주,2022,,,,,,,,,,,,,,,,,
SK,2017,19959061000000.0,7626360000000.0,12332701000000.0,2477840000000.0,869466000000.0,612121000000.0,0.0,0.0,0.0,P,P,P,30.79,14.53,19.0,30007.0,9.43
SK,2018,21376668000000.0,8208532000000.0,13168136000000.0,2672412000000.0,1060965000000.0,1453631000000.0,4.969345036534697,20.23448761404348,12.233047277251128,P_Contd,P_Contd,P_Contd,26.61,14.98,18.97,40310.0,6.45
SK,2019,22535086000000.0,9132524000000.0,13402562000000.0,3245516000000.0,1480899000000.0,1420543000000.0,-10.085108655904586,-209.59435757549008,-113.73305961191593,P_Contd,P_Contd,P_Contd,21.54,7.1,8.63,12917.0,20.28
SK,2020,23592397000000.0,8760834000000.0,14831563000000.0,3473984000000.0,1658031000000.0,1716045000000.0,6.937796507031208,31.20968426588971,1.6759186572823677,P_Contd,P_Contd,P_Contd,25.28,6.8,8.52,3544.0,67.86
SK,2021,27216975000000.0,11426869000000.0,15790106000000.0,2749536000000.0,830132000000.0,1499764000000.0,16.738122795295123,35.86450129562061,49.58173390461269,P_Contd,P_Contd,P_Contd,29.98,12.33,16.03,37321.0,6.73
SK,2022,28451248000000.0,12563449000000.0,15887799000000.0,3369784000000.0,1108689000000.0,544415000000.0,5.721868135847916,-26.358648761979435,-21.84281242788304,P_Contd,P_Contd,P_Contd,24.19,9.77,12.14,19547.0,9.67
카카오뱅크,2017,,,,,,,,,,,,,,,,,
카카오뱅크,2018,,,,,,,,,,,,,,,,,
카카오뱅크,2019,,,,,,,,,,,,,,,,,
카카오뱅크,2020,,,,,,,,,,,,,,,,,
카카오뱅크,2021,,,,,,,,,,,,,,,,,
카카오뱅크,2022,,,,,,,,,,,,,,,,,
한국전력,2017,106540154000000.0,50757798000000.0,55782356000000.0,59965739000000.0,1553554000000.0,1506852000000.0,0.0,0.0,0.0,P,P,P,30.79,14.53,19.0,2023.0,18.86
한국전력,2018,107486379000000.0,53404610000000.0,54081769000000.0,60271500000000.0,-2193268000000.0,-1095213000000.0,4.969345036534697,20.23448761404348,12.233047277251128,P_Contd,L_Turned,L_Turned,26.61,14.98,18.97,-2048.0,-16.16
한국전력,2019,109809255000000.0,58350681000000.0,51458574000000.0,58933180000000.0,-2848347000000.0,-2594957000000.0,-10.085108655904586,-209.59435757549008,-113.73305961191593,P_Contd,L_Contd,L_Contd,21.54,7.1,8.63,-3654.0,-7.61
한국전력,2020,113103476000000.0,59772045000000.0,53331431000000.0,57989410000000.0,2785145000000.0,1951498000000.0,6.937796507031208,31.20968426588971,1.6759186572823677,P_Contd,P_Turned,P_Turned,25.28,6.8,8.52,3102.0,8.83
한국전력,2021,115578517000000.0,68531927000000.0,47046590000000.0,59660600000000.0,-7425576000000.0,-5607732000000.0,16.738122795295123,35.86450129562061,49.58173390461269,P_Contd,L_Turned,L_Turned,29.98,12.33,16.03,-8263.0,-2.67
한국전력,2022,131023727000000.0,108963058000000.0,22060669000000.0,68951546000000.0,-33908575000000.0,-25297712000000.0,5.721868135847916,-26.358648761979435,-21.84281242788304,P_Contd,L_Contd,L_Contd,24.19,9.77,12.14,-38112.0,-0.57
HMM,2017,3409882000000.0,2485641000000.0,924241000000.0,4925843000000.0,-418105000000.0,-1207388000000.0,0.0,0.0,0.0,P,L,L,30.79,14.53,19.0,-6219.0,-0.81
HMM,2018,3884416000000.0,2819121000000.0,1065295000000.0,5052816000000.0,-585958000000.0,-805175000000.0,4.969345036534697,20.23448761404348,12.233047277251128,P_Contd,L_Contd,L_Contd,26.61,14.98,18.97,-4139.0,-0.89
HMM,2019,6343498000000.0,5273464000000.0,1070034000000.0,5333534000000.0,-328576000000.0,-663717000000.0,-10.085108655904586,-209.59435757549008,-113.73305961191593,P_Contd,L_Contd,L_Contd,21.54,7.1,8.63,-3353.0,-1.06
HMM,2020,8628337000000.0,7052720000000.0,1575617000000.0,6223944000000.0,955962000000.0,58852000000.0,6.937796507031208,31.20968426588971,1.6759186572823677,P_Contd,P_Turned,P_Turned,25.28,6.8,8.52,103.0,135.44
HMM,2021,17607762000000.0,7307042000000.0,10300720000000.0,13664562000000.0,7356851000000.0,5353518000000.0,16.738122795295123,35.86450129562061,49.58173390461269,P_Contd,P_Contd,P_Contd,29.98,12.33,16.03,13506.0,1.99
HMM,2022,25684209000000.0,5067672000000.0,20616537000000.0,18429889000000.0,9919892000000.0,10047898000000.0,5.721868135847916,-26.358648761979435,-21.84281242788304,P_Contd,P_Contd,P_Contd,24.19,9.77,12.14,20556.0,0.95
SK이노베이션,2017,14795190020000.0,1708215781000.0,13086974239000.0,3005066735000.0,1696585197000.0,1600004912000.0,0.0,0.0,0.0,P,P,P,30.79,14.53,19.0,22563.0,8.92
SK이노베이션,2018,15846830095000.0,2846727893000.0,13000102202000.0,3679762542000.0,2052445917000.0,1675000252000.0,4.969345036534697,20.23448761404348,12.233047277251128,P_Contd,P_Contd,P_Contd,26.61,14.98,18.97,18264.0,9.67
SK이노베이션,2019,16355886773000.0,3279206409000.0,13076680364000.0,3006128697000.0,1292755280000.0,792139635000.0,-10.085108655904586,-209.59435757549008,-113.73305961191593,P_Contd,P_Contd,P_Contd,21.54,7.1,8.63,-434.0,-340.07
SK이노베이션,2020,17727434534000.0,3695047472000.0,14032387062000.0,4193658674000.0,1477961722000.0,1592008115000.0,6.937796507031208,31.20968426588971,1.6759186572823677,P_Contd,P_Contd,P_Contd,25.28,6.8,8.52,-25729.0,-7.27
SK이노베이션,2021,18467371516000.0,2998965628000.0,15468405888000.0,3986068370000.0,679056388000.0,1317007178000.0,16.738122795295123,35.86450129562061,49.58173390461269,P_Contd,P_Contd,P_Contd,29.98,12.33,16.03,3491.0,67.22
SK이노베이션,2022,19550742827000.0,3581307796000.0,15969435031000.0,1983533544000.0,611371885000.0,453183233000.0,5.721868135847916,-26.358648761979435,-21.84281242788304,P_Contd,P_Contd,P_Contd,24.19,9.77,12.14,18511.0,8.19
KT&G,2017,8664675097526.0,1536861148094.0,7127813949432.0,3000087862709.0,1257881224186.0,998206028883.0,0.0,0.0,0.0,P,P,P,30.79,14.53,19.0,9591.0,12.04
KT&G,2018,8729915634269.0,1364694340988.0,7365221293281.0,2624616092571.0,1004431446885.0,856689554010.0,4.969345036534697,20.23448761404348,12.233047277251128,P_Contd,P_Contd,P_Contd,26.61,14.98,18.97,7178.0,14.14
KT&G,2019,9112777639505.0,1332693987094.0,7780083652411.0,2942618858461.0,1134565645586.0,891380827802.0,-10.085108655904586,-209.59435757549008,-113.73305961191593,P_Contd,P_Contd,P_Contd,21.54,7.1,8.63,8196.0,11.44
KT&G,2020,9879543643434.0,1825601453503.0,8053942189931.0,3435384229940.0,1337017929629.0,1075309487894.0,6.937796507031208,31.20968426588971,1.6759186572823677,P_Contd,P_Contd,P_Contd,25.28,6.8,8.52,9320.0,8.92
KT&G,2021,9781651431121.0,1781536356306.0,8000115074815.0,3490455807608.0,1083423988194.0,852944174658.0,16.738122795295123,35.86450129562061,49.58173390461269,P_Contd,P_Contd,P_Contd,29.98,12.33,16.03,7898.0,10.0
KT&G,2022,10156905259022.0,2103300925631.0,8053604333391.0,3694358039272.0,1120293986133.0,958039985082.0,5.721868135847916,-26.358648761979435,-21.84281242788304,P_Contd,P_Contd,P_Contd,24.19,9.77,12.14,8489.0,10.78
에코프로머티,2017,,,,,,,,,,,,,,,,,
에코프로머티,2018,,,,,,,,,,,,,,,,,
에코프로머티,2019,,,,,,,,,,,,,,,,,
에코프로머티,2020,,,,,,,,,,,,,,,,,
에코프로머티,2021,,,,,,,,,,,,,,,,,
에코프로머티,2022,,,,,,,,,,,,,,,,,
삼성에스디에스,2017,5678285309291.0,830903395114.0,4847381914177.0,4547167387867.0,457930631117.0,369685978895.0,0.0,0.0,0.0,P,P,P,30.79,14.53,19.0,6856.0,29.17
삼성에스디에스,2018,6178103175232.0,1007454953038.0,5170648222194.0,5083718449397.0,666607179324.0,534496838893.0,4.969345036534697,20.23448761404348,12.233047277251128,P_Contd,P_Contd,P_Contd,26.61,14.98,18.97,8137.0,25.07
삼성에스디에스,2019,6576533956488.0,1093671493933.0,5482862462555.0,5096158487530.0,691674508404.0,520824842108.0,-10.085108655904586,-209.59435757549008,-113.73305961191593,P_Contd,P_Contd,P_Contd,21.54,7.1,8.63,9521.0,20.43
삼성에스디에스,2020,6510160918685.0,993400112119.0,5516760806566.0,4549427072244.0,582117407418.0,266592370964.0,6.937796507031208,31.20968426588971,1.6759186572823677,P_Contd,P_Contd,P_Contd,25.28,6.8,8.52,5733.0,31.14
삼성에스디에스,2021,6850930055536.0,1236281122384.0,5614648933152.0,4985712694305.0,406734299461.0,327598640679.0,16.738122795295123,35.86450129562061,49.58173390461269,P_Contd,P_Contd,P_Contd,29.98,12.33,16.03,7901.0,19.81
삼성에스디에스,2022,7628899434228.0,1614217739856.0,6014681694372.0,5174554117525.0,296153499254.0,530145587281.0,5.721868135847916,-26.358648761979435,-21.84281242788304,P_Contd,P_Contd,P_Contd,24.19,9.77,12.14,14218.0,8.65
SK텔레콤,2017,25557522000000.0,10550131000000.0,15007391000000.0,12468035000000.0,1697709000000.0,1331114000000.0,0.0,0.0,0.0,P,P,P,30.79,14.53,19.0,36582.0,1.26
SK텔레콤,2018,28848023000000.0,11960536000000.0,16887487000000.0,11705639000000.0,1307494000000.0,933902000000.0,4.969345036534697,20.23448761404348,12.233047277251128,P_Contd,P_Contd,P_Contd,26.61,14.98,18.97,44066.0,1.06
SK텔레콤,2019,30839367000000.0,13449628000000.0,17389739000000.0,11416215000000.0,950109000000.0,980338000000.0,-10.085108655904586,-209.59435757549008,-113.73305961191593,P_Contd,P_Contd,P_Contd,21.54,7.1,8.63,12144.0,3.38
SK텔레콤,2020,31986451000000.0,14636593000000.0,17349858000000.0,11746630000000.0,1023067000000.0,758792000000.0,6.937796507031208,31.20968426588971,1.6759186572823677,P_Contd,P_Contd,P_Contd,25.28,6.8,8.52,20463.0,2.01
SK텔레콤,2021,26389065000000.0,15526209000000.0,10862856000000.0,12102830000000.0,1114323000000.0,1073823000000.0,16.738122795295123,35.86450129562061,49.58173390461269,P_Contd,P_Contd,P_Contd,29.98,12.33,16.03,7191.0,8.05
SK텔레콤,2022,26432121000000.0,16048739000000.0,10383382000000.0,12414588000000.0,1321131000000.0,869490000000.0,5.721868135847916,-26.358648761979435,-21.84281242788304,P_Contd,P_Contd,P_Contd,24.19,9.77,12.14,4118.0,11.51
우리금융지주,2017,,,,,,,,,,,,,,,,,
우리금융지주,2018,,,,,,,,,,,,,,,,,
우리금융지주,2019,,,,,,,,,,,,,,,,,
우리금융지주,2020,,,,,,,,,,,,,,,,,
우리금융지주,2021,,,,,,,,,,,,,,,,,
우리금융지주,2022,,,,,,,,,,,,,,,,,
기업은행,2017,,,,,,,,,,,,,,,,,
기업은행,2018,,,,,,,,,,,,,,,,,
기업은행,2019,,,,,,,,,,,,,,,,,
기업은행,2020,,,,,,,,,,,,,,,,,
기업은행,2021,,,,,,,,,,,,,,,,,
기업은행,2022,,,,,,,,,,,,,,,,,
삼성전기,2017,4943603524854.0,1197360555422.0,3746242969432.0,5003041031793.0,-50658652829.0,-168729690300.0,0.0,0.0,0.0,P,L,L,30.79,14.53,19.0,2139.0,46.75
삼성전기,2018,5448882581117.0,1471313421353.0,3977569159764.0,5671358430492.0,478127673641.0,317643316846.0,4.969345036534697,20.23448761404348,12.233047277251128,P_Contd,P_Turned,P_Turned,26.61,14.98,18.97,8685.0,11.92
삼성전기,2019,5450577873593.0,1125115443872.0,4325462429721.0,5369118409255.0,426915271251.0,441672630077.0,-10.085108655904586,-209.59435757549008,-113.73305961191593,P_Contd,P_Contd,P_Contd,21.54,7.1,8.63,6806.0,18.37
삼성전기,2020,5823920674506.0,1219606408045.0,4604314266461.0,5524120192795.0,444268941812.0,357385757638.0,6.937796507031208,31.20968426588971,1.6759186572823677,P_Contd,P_Contd,P_Contd,25.28,6.8,8.52,7993.0,22.27
삼성전기,2021,6690063876824.0,1414695920746.0,5275367956078.0,7199719839096.0,1083624069813.0,809917863490.0,16.738122795295123,35.86450129562061,49.58173390461269,P_Contd,P_Contd,P_Contd,29.98,12.33,16.03,11811.0,16.72
삼성전기,2022,7910256817172.0,2124391740431.0,5785865076741.0,7244994320532.0,799695029712.0,701357777583.0,5.721868135847916,-26.358648761979435,-21.84281242788304,P_Contd,P_Contd,P_Contd,24.19,9.77,12.14,12977.0,10.06
크래프톤,2017,,,,,,,,,,,,,,,,,
크래프톤,2018,,,,,,,,,,,,,,,,,
크래프톤,2019,,,,,,,,,,,,,,,,,
크래프톤,2020,,,,,,,,,,,,,,,,,
크래프톤,2021,,,,,,,,,,,,,,,,,
크래프톤,2022,,,,,,,,,,,,,,,,,
두산에너빌리티,2017,11745018866214.0,7276816496169.0,4468202370045.0,4336698890521.0,226269587381.0,15779777000.0,0.0,0.0,0.0,P,P,P,30.79,14.53,19.0,-2908.0,-4.04
두산에너빌리티,2018,11342250261254.0,7401593235273.0,3940657025981.0,4101664209950.0,184610966137.0,-725087511062.0,4.969345036534697,20.23448761404348,12.233047277251128,P_Contd,P_Contd,L_Turned,26.61,14.98,18.97,-4807.0,-1.55
두산에너빌리티,2019,11360877605101.0,7920170221035.0,3440707384066.0,3708635207378.0,87680762067.0,-495190677202.0,-10.085108655904586,-209.59435757549008,-113.73305961191593,P_Contd,P_Contd,L_Contd,21.54,7.1,8.63,-2620.0,-1.94
두산에너빌리티,2020,11147216159043.0,7686538905792.0,3460677253251.0,3451444902650.0,-473062186560.0,-1880174095933.0,6.937796507031208,31.20968426588971,1.6759186572823677,P_Contd,L_Turned,L_Contd,25.28,6.8,8.52,-4279.0,-3.05
두산에너빌리티,2021,14031871118985.0,8330286784088.0,5701584334897.0,3592881973679.0,135285070182.0,26601046582.0,16.738122795295123,35.86450129562061,49.58173390461269,P_Contd,P_Turned,P_Turned,29.98,12.33,16.03,1090.0,18.72
두산에너빌리티,2022,13189540455245.0,7075908550620.0,6113631904625.0,5284439413737.0,85305387250.0,-1211843374713.0,5.721868135847916,-26.358648761979435,-21.84281242788304,P_Contd,P_Contd,L_Turned,24.19,9.77,12.14,-1249.0,-12.33
HD현대중공업,2017,,,,,,,,,,,,,,,,,
HD현대중공업,2018,,,,,,,,,,,,,,,,,
HD현대중공업,2019,,,,,,,,,,,,,,,,,
HD현대중공업,2020,,,,,,,,,,,,,,,,,
HD현대중공업,2021,,,,,,,,,,,,,,,,,
HD현대중공업,2022,,,,,,,,,,,,,,,,,
포스코인터내셔널,2017,8181642237000.0,5406016480000.0,2775625757000.0,20891525634000.0,352814280000.0,150380940000.0,0.0,0.0,0.0,P,P,P,30.79,14.53,19.0,1444.0,12.57
포스코인터내셔널,2018,8773243815000.0,5974097821000.0,2799145994000.0,23308796353000.0,385285061000.0,97771702000.0,4.969345036534697,20.23448761404348,12.233047277251128,P_Contd,P_Contd,P_Contd,26.61,14.98,18.97,1258.0,14.47
포스코인터내셔널,2019,7721111383000.0,4811992196000.0,2909119187000.0,22743722129000.0,568166155000.0,191704149000.0,-10.085108655904586,-209.59435757549008,-113.73305961191593,P_Contd,P_Contd,P_Contd,21.54,7.1,8.63,1697.0,10.99
포스코인터내셔널,2020,7205950900000.0,4184237448000.0,3021713452000.0,19224845261000.0,424553506000.0,203975391000.0,6.937796507031208,31.20968426588971,1.6759186572823677,P_Contd,P_Contd,P_Contd,25.28,6.8,8.52,1934.0,7.52
포스코인터내셔널,2021,9144514594000.0,6001763006000.0,3142751588000.0,30527682713000.0,365563651000.0,201230501000.0,16.738122795295123,35.86450129562061,49.58173390461269,P_Contd,P_Contd,P_Contd,29.98,12.33,16.03,2924.0,7.68
포스코인터내셔널,2022,9190741219000.0,5841341313000.0,3349399906000.0,32566135142000.0,504649815000.0,289472370000.0,5.721868135847916,-26.358648761979435,-21.84281242788304,P_Contd,P_Contd,P_Contd,24.19,9.77,12.14,4780.0,4.73
고려아연,2017,6304117204280.0,549709526888.0,5754407677392.0,5452393302943.0,761189744864.0,530648641006.0,0.0,0.0,0.0,P,P,P,30.79,14.53,19.0,35591.0,13.85
고려아연,2018,6454453448516.0,477098994291.0,5977354454225.0,5527738463571.0,647503324667.0,460562560102.0,4.969345036534697,20.23448761404348,12.233047277251128,P_Contd,P_Contd,P_Contd,26.61,14.98,18.97,29841.0,14.49
고려아연,2019,6942417553567.0,597389525800.0,6345028027767.0,5218822665377.0,729247693862.0,567066366220.0,-10.085108655904586,-209.59435757549008,-113.73305961191593,P_Contd,P_Contd,P_Contd,21.54,7.1,8.63,35811.0,11.87
고려아연,2020,7515657794946.0,853617125268.0,6662040669678.0,5652149467541.0,780769550166.0,561284701649.0,6.937796507031208,31.20968426588971,1.6759186572823677,P_Contd,P_Contd,P_Contd,25.28,6.8,8.52,32418.0,12.39
고려아연,2021,8321229495058.0,1160656375584.0,7160573119474.0,7162506077531.0,924590389102.0,753966394188.0,16.738122795295123,35.86450129562061,49.58173390461269,P_Contd,P_Contd,P_Contd,29.98,12.33,16.03,45648.0,11.19
고려아연,2022,10091235344614.0,1690777749942.0,8400457594672.0,8081377635065.0,931364083676.0,656193706473.0,5.721868135847916,-26.358648761979435,-21.84281242788304,P_Contd,P_Contd,P_Contd,24.19,9.77,12.14,42967.0,13.13
KT,2017,23485205000000.0,12039903000000.0,11445302000000.0,17341316000000.0,952161000000.0,463268000000.0,0.0,0.0,0.0,P,P,P,30.79,14.53,19.0,1946.0,15.54
KT,2018,26010906000000.0,13299178000000.0,12711728000000.0,17356537000000.0,951624000000.0,561224000000.0,4.969345036534697,20.23448761404348,12.233047277251128,P_Contd,P_Contd,P_Contd,26.61,14.98,18.97,2809.0,10.61
KT,2019,27733854000000.0,14837153000000.0,12896701000000.0,18204751000000.0,739222000000.0,431828000000.0,-10.085108655904586,-209.59435757549008,-113.73305961191593,P_Contd,P_Contd,P_Contd,21.54,7.1,8.63,2526.0,10.69
KT,2020,28027926000000.0,14824369000000.0,13203557000000.0,17879281000000.0,878239000000.0,665493000000.0,6.937796507031208,31.20968426588971,1.6759186572823677,P_Contd,P_Contd,P_Contd,25.28,6.8,8.52,2684.0,8.94
KT,2021,29362369000000.0,15497475000000.0,13864894000000.0,18387434000000.0,1068273000000.0,990491000000.0,16.738122795295123,35.86450129562061,49.58173390461269,P_Contd,P_Contd,P_Contd,29.98,12.33,16.03,5759.0,5.31
KT,2022,30417774000000.0,15559694000000.0,14858080000000.0,18289243000000.0,1168103000000.0,763750000000.0,5.721868135847916,-26.358648761979435,-21.84281242788304,P_Contd,P_Contd,P_Contd,24.19,9.77,12.14,5209.0,6.49
포스코DX,2017,634468811174.0,235824198881.0,398644612293.0,918344969596.0,56584959603.0,42375836932.0,0.0,0.0,0.0,P,P,P,30.79,14.53,19.0,276.0,30.25
포스코DX,2018,596991113324.0,259099247374.0,337891865950.0,894977849870.0,39957120189.0,-33230148041.0,4.969345036534697,20.23448761404348,12.233047277251128,P_Contd,P_Contd,L_Turned,26.61,14.98,18.97,-225.0,-23.16
포스코DX,2019,663897943539.0,300680922692.0,363217020847.0,936989857989.0,46501557273.0,38093076970.0,-10.085108655904586,-209.59435757549008,-113.73305961191593,P_Contd,P_Contd,P_Turned,21.54,7.1,8.63,258.0,20.5
포스코DX,2020,674398074474.0,307898467230.0,366499607244.0,935803064247.0,23912740725.0,10135856070.0,6.937796507031208,31.20968426588971,1.6759186572823677,P_Contd,P_Contd,P_Contd,25.28,6.8,8.52,57.0,135.96
포스코DX,2021,628143764458.0,274578219430.0,353565545028.0,839245466509.0,-21675055032.0,-15533720019.0,16.738122795295123,35.86450129562061,49.58173390461269,P_Contd,L_Turned,L_Turned,29.98,12.33,16.03,-94.0,-69.79
포스코DX,2022,831839093996.0,424767922865.0,407071171131.0,1108702125452.0,61635263346.0,43463066583.0,5.721868135847916,-26.358648761979435,-21.84281242788304,P_Contd,P_Turned,P_Turned,24.19,9.77,12.14,300.0,20.83
SK스퀘어,2017,,,,,,,,,,,,,,,,,
SK스퀘어,2018,,,,,,,,,,,,,,,,,
SK스퀘어,2019,,,,,,,,,,,,,,,,,
SK스퀘어,2020,,,,,,,,,,,,,,,,,
SK스퀘어,2021,,,,,,,,,,,,,,,,,
SK스퀘어,2022,,,,,,,,,,,,,,,,,
HD한국조선해양,2017,19930215070000.0,9434840320000.0,10495374750000.0,10173259579000.0,81285917000.0,4092460309000.0,0.0,0.0,0.0,P,P,P,30.79,14.53,19.0,44798.0,2.14
HD한국조선해양,2018,19677950990000.0,8279413066000.0,11398537924000.0,8108821955000.0,-291625288000.0,-351118911000.0,4.969345036534697,20.23448761404348,12.233047277251128,P_Contd,L_Turned,L_Turned,26.61,14.98,18.97,-7855.0,-16.36
HD한국조선해양,2019,11272534689000.0,410843707000.0,10861690982000.0,3356828769000.0,24604793000.0,-74657811000.0,-10.085108655904586,-209.59435757549008,-113.73305961191593,P_Contd,P_Turned,L_Contd,21.54,7.1,8.63,2183.0,57.95
HD한국조선해양,2020,10898783668000.0,348268899000.0,10550514769000.0,172383351000.0,-37182282000.0,-373003928000.0,6.937796507031208,31.20968426588971,1.6759186572823677,P_Contd,L_Turned,L_Contd,25.28,6.8,8.52,-11791.0,-9.2
HD한국조선해양,2021,11109138358000.0,332122430000.0,10777015928000.0,195837510000.0,15051321000.0,196420840000.0,16.738122795295123,35.86450129562061,49.58173390461269,P_Contd,P_Turned,P_Turned,29.98,12.33,16.03,-13142.0,-7.2
HD한국조선해양,2022,11430169706000.0,305680985000.0,11124488721000.0,180500471000.0,-18285013000.0,375470926000.0,5.721868135847916,-26.358648761979435,-21.84281242788304,P_Contd,L_Turned,P_Contd,24.19,9.77,12.14,-3068.0,-23.04
대한항공,2017,23653233300264.0,19750938411142.0,3902294889122.0,11802818528120.0,993938936395.0,936043577370.0,0.0,0.0,0.0,P,P,P,30.79,14.53,19.0,8946.0,2.45
대한항공,2018,24636196933366.0,21483492553009.0,3152704380357.0,12646864990521.0,698332373290.0,-82837554258.0,4.969345036534697,20.23448761404348,12.233047277251128,P_Contd,P_Contd,L_Turned,26.61,14.98,18.97,-1756.0,-12.2
대한항공,2019,25758375651570.0,22939942478501.0,2818433173069.0,12291667990164.0,286386446725.0,-568732636375.0,-10.085108655904586,-209.59435757549008,-113.73305961191593,P_Contd,P_Contd,L_Contd,21.54,7.1,8.63,-6557.0,-2.82
대한항공,2020,24747289887180.0,21377868078960.0,3369421808220.0,7405005608096.0,238334950016.0,-194631398841.0,6.937796507031208,31.20968426588971,1.6759186572823677,P_Contd,P_Contd,L_Contd,25.28,6.8,8.52,-1675.0,-12.59
대한항공,2021,26193031954800.0,19214935986769.0,6978095968031.0,8753416403197.0,1464438013009.0,638690220653.0,16.738122795295123,35.86450129562061,49.58173390461269,P_Contd,P_Contd,P_Turned,29.98,12.33,16.03,1743.0,16.84
대한항공,2022,28065730615101.0,18840106264508.0,9225624350593.0,13412724920861.0,2883641014305.0,1779642637495.0,5.721868135847916,-26.358648761979435,-21.84281242788304,P_Contd,P_Contd,P_Contd,24.19,9.77,12.14,4787.0,4.79
하이브,2017,,,,,,,,,,,,,,,,,
하이브,2018,,,,,,,,,,,,,,,,,
하이브,2019,,,,,,,,,,,,,,,,,
하이브,2020,,,,,,,,,,,,,,,,,
하이브,2021,,,,,,,,,,,,,,,,,
하이브,2022,,,,,,,,,,,,,,,,,
S-Oil,2017,15077563000000.0,8238464000000.0,6839099000000.0,20891340000000.0,1374649000000.0,1249156000000.0,0.0,0.0,0.0,P,P,P,30.79,14.53,19.0,10706.0,10.93
S-Oil,2018,16081512000000.0,9619923000000.0,6461589000000.0,25463122000000.0,636848000000.0,253777000000.0,4.969345036534697,20.23448761404348,12.233047277251128,P_Contd,P_Contd,P_Contd,26.61,14.98,18.97,2216.0,44.09
S-Oil,2019,16455433000000.0,9969313000000.0,6486120000000.0,24393980000000.0,420050000000.0,62602000000.0,-10.085108655904586,-209.59435757549008,-113.73305961191593,P_Contd,P_Contd,P_Contd,21.54,7.1,8.63,561.0,169.88
S-Oil,2020,15671847000000.0,9995254000000.0,5676593000000.0,16735504000000.0,-1100512000000.0,-799920000000.0,6.937796507031208,31.20968426588971,1.6759186572823677,P_Contd,L_Turned,L_Turned,25.28,6.8,8.52,-6839.0,-10.12
S-Oil,2021,18653556000000.0,11671800000000.0,6981756000000.0,27203839000000.0,2138839000000.0,1378330000000.0,16.738122795295123,35.86450129562061,49.58173390461269,P_Contd,P_Turned,P_Turned,29.98,12.33,16.03,11840.0,7.24
S-Oil,2022,19573396000000.0,11097178000000.0,8476218000000.0,42017079000000.0,3402647000000.0,2103686000000.0,5.721868135847916,-26.358648761979435,-21.84281242788304,P_Contd,P_Contd,P_Contd,24.19,9.77,12.14,18075.0,4.61
한미반도체,2017,293986174040.0,78858603241.0,215127570799.0,196426640069.0,51459039593.0,8677838337.0,0.0,0.0,0.0,P,P,P,30.79,14.53,19.0,185.0,32.03
한미반도체,2018,241520337338.0,30858873895.0,210661463443.0,215756076780.0,56013045136.0,49982527613.0,4.969345036534697,20.23448761404348,12.233047277251128,P_Contd,P_Contd,P_Contd,26.61,14.98,18.97,966.0,4.03
한미반도체,2019,255001907840.0,38209902344.0,216792005496.0,119171027525.0,14391582694.0,21374600555.0,-10.085108655904586,-209.59435757549008,-113.73305961191593,P_Contd,P_Contd,P_Contd,21.54,7.1,8.63,383.0,10.57
한미반도체,2020,322292687819.0,70799197060.0,251493490759.0,255740538495.0,66007006986.0,47386518209.0,6.937796507031208,31.20968426588971,1.6759186572823677,P_Contd,P_Contd,P_Contd,25.28,6.8,8.52,502.0,18.03
한미반도체,2021,417730227345.0,84374071402.0,333356155943.0,371740896190.0,119521542590.0,96870197677.0,16.738122795295123,35.86450129562061,49.58173390461269,P_Contd,P_Contd,P_Contd,29.98,12.33,16.03,1057.0,17.9
한미반도체,2022,441490502516.0,66273960600.0,375216541916.0,323948862212.0,109531251665.0,91469842900.0,5.721868135847916,-26.358648761979435,-21.84281242788304,P_Contd,P_Contd,P_Contd,24.19,9.77,12.14,939.0,12.25
아모레퍼시픽,2017,4786271660889.0,759717024155.0,4026554636734.0,3627543045012.0,474371353865.0,317768946505.0,0.0,0.0,0.0,P,P,P,30.79,14.53,19.0,5711.0,53.32
아모레퍼시픽,2018,4678941054908.0,442130364228.0,4236810690680.0,3670704956645.0,372274998937.0,274660919151.0,4.969345036534697,20.23448761404348,12.233047277251128,P_Contd,P_Contd,P_Contd,26.61,14.98,18.97,4815.0,43.51
아모레퍼시픽,2019,4950233654909.0,574799882626.0,4375433772283.0,3913830165757.0,440472610010.0,329297060650.0,-10.085108655904586,-209.59435757549008,-113.73305961191593,P_Contd,P_Contd,P_Contd,21.54,7.1,8.63,3477.0,57.52
아모레퍼시픽,2020,4897611155285.0,479192639642.0,4418418515643.0,3016950982776.0,158775251730.0,104437154292.0,6.937796507031208,31.20968426588971,1.6759186572823677,P_Contd,P_Contd,P_Contd,25.28,6.8,8.52,512.0,402.34
아모레퍼시픽,2021,5291052655630.0,565126842073.0,4725925813557.0,3475232779753.0,340130607310.0,280076338528.0,16.738122795295123,35.86450129562061,49.58173390461269,P_Contd,P_Contd,P_Contd,29.98,12.33,16.03,2820.0,59.22
아모레퍼시픽,2022,5264930130274.0,416497024385.0,4848433105889.0,2874461832939.0,235366929233.0,184011397985.0,5.721868135847916,-26.358648761979435,-21.84281242788304,P_Contd,P_Contd,P_Contd,24.19,9.77,12.14,1949.0,70.55
한화오션,2017,11022743788752.0,8278727550747.0,2744016238005.0,10634033269884.0,716502803893.0,739144216539.0,0.0,0.0,0.0,P,P,P,30.79,14.53,19.0,7141.0,1.73
한화오션,2018,11736775669527.0,8005009456054.0,3731766213473.0,9599758587188.0,1044402888807.0,946109170580.0,4.969345036534697,20.23448761404348,12.233047277251128,P_Contd,P_Contd,P_Contd,26.61,14.98,18.97,2998.0,10.12
한화오션,2019,11067648301949.0,7436139441145.0,3631508860804.0,8317581776350.0,268058306700.0,-57722248994.0,-10.085108655904586,-209.59435757549008,-113.73305961191593,P_Contd,P_Contd,L_Turned,21.54,7.1,8.63,-655.0,-37.77
한화오션,2020,10153130187339.0,6386352923175.0,3766777264164.0,7041551239250.0,152360480139.0,114537478309.0,6.937796507031208,31.20968426588971,1.6759186572823677,P_Contd,P_Contd,P_Turned,25.28,6.8,8.52,584.0,41.68
한화오션,2021,10440796983027.0,8313147253134.0,2127649729893.0,4485486215864.0,-1736267019824.0,-1673121343996.0,16.738122795295123,35.86450129562061,49.58173390461269,P_Contd,L_Turned,L_Turned,29.98,12.33,16.03,-16072.0,-1.27
한화오션,2022,12046830396329.0,11402970670525.0,643859725804.0,4817662250664.0,-1643301071583.0,-1767319882719.0,5.721868135847916,-26.358648761979435,-21.84281242788304,P_Contd,L_Contd,L_Contd,24.19,9.77,12.14,-16493.0,-1.02
DB손해보험,2017,,,,,,,,,,,,,,,,,
DB손해보험,2018,,,,,,,,,,,,,,,,,
DB손해보험,2019,,,,,,,,,,,,,,,,,
DB손해보험,2020,,,,,,,,,,,,,,,,,
DB손해보험,2021,,,,,,,,,,,,,,,,,
DB손해보험,2022,,,,,,,,,,,,,,,,,
현대글로비스,2017,7080908201674.0,3520671363877.0,3560236837797.0,12986175113610.0,539948381856.0,634965373358.0,0.0,0.0,0.0,P,P,P,30.79,14.53,19.0,18147.0,7.49
현대글로비스,2018,7382050860372.0,3655319854943.0,3726731005429.0,13452449611477.0,525287852765.0,326614985691.0,4.969345036534697,20.23448761404348,12.233047277251128,P_Contd,P_Contd,P_Contd,26.61,14.98,18.97,11663.0,11.06
현대글로비스,2019,8460175297516.0,4460343840823.0,3999831456693.0,14474535953502.0,665772253662.0,376523670985.0,-10.085108655904586,-209.59435757549008,-113.73305961191593,P_Contd,P_Contd,P_Contd,21.54,7.1,8.63,13395.0,10.68
현대글로비스,2020,9140431872200.0,4827707289252.0,4312724582948.0,12909957670070.0,493954312997.0,521318959907.0,6.937796507031208,31.20968426588971,1.6759186572823677,P_Contd,P_Contd,P_Contd,25.28,6.8,8.52,16165.0,11.38
현대글로비스,2021,10057010594625.0,5245203617552.0,4811806977073.0,17572701950001.0,894567705733.0,630270007500.0,16.738122795295123,35.86450129562061,49.58173390461269,P_Contd,P_Contd,P_Contd,29.98,12.33,16.03,20877.0,8.05
현대글로비스,2022,11586104723590.0,5729632008872.0,5856472714718.0,21528979385563.0,1595700562384.0,1209437645735.0,5.721868135847916,-26.358648761979435,-21.84281242788304,P_Contd,P_Contd,P_Contd,24.19,9.77,12.14,31729.0,5.15
한화에어로스페이스,2017,3793914511824.0,1753295064997.0,2040619446827.0,1913924765645.0,-55726468477.0,-21470604726.0,0.0,0.0,0.0,P,L,L,30.79,14.53,19.0,-915.0,-38.85
한화에어로스페이스,2018,3881087002288.0,1912114462283.0,1968972540005.0,1065834898271.0,-91025893531.0,-29820419983.0,4.969345036534697,20.23448761404348,12.233047277251128,P_Contd,L_Contd,L_Contd,26.61,14.98,18.97,619.0,52.5
한화에어로스페이스,2019,4357480780305.0,2379128583752.0,1978352196553.0,1190922914294.0,-64196096114.0,27746258654.0,-10.085108655904586,-209.59435757549008,-113.73305961191593,P_Contd,L_Contd,P_Turned,21.54,7.1,8.63,2558.0,13.7
한화에어로스페이스,2020,4641446967860.0,2645824933197.0,1995622034663.0,1059925450827.0,-7325848594.0,28407068641.0,6.937796507031208,31.20968426588971,1.6759186572823677,P_Contd,L_Contd,P_Contd,25.28,6.8,8.52,2390.0,11.92
한화에어로스페이스,2021,5140204462835.0,3049354955534.0,2090849507301.0,1224759749996.0,-17754959161.0,119344310761.0,16.738122795295123,35.86450129562061,49.58173390461269,P_Contd,L_Contd,P_Contd,29.98,12.33,16.03,4989.0,9.62
한화에어로스페이스,2022,8689560916441.0,6035172409790.0,2654388506651.0,1956745411297.0,147254159179.0,306700407969.0,5.721868135847916,-26.358648761979435,-21.84281242788304,P_Contd,P_Turned,P_Contd,24.19,9.77,12.14,3964.0,18.57
SK바이오팜,2017,,,,,,,,,,,,,,,,,
SK바이오팜,2018,,,,,,,,,,,,,,,,,
SK바이오팜,2019,,,,,,,,,,,,,,,,,
SK바이오팜,2020,,,,,,,,,,,,,,,,,
SK바이오팜,2021,,,,,,,,,,,,,,,,,
SK바이오팜,2022,,,,,,,,,,,,,,,,,
삼성중공업,2017,13249440814716.0,7581585893692.0,5667854921024.0,7396888950023.0,-492369917719.0,-337606491056.0,0.0,0.0,0.0,P,L,L,30.79,14.53,19.0,-930.0,-6.57
삼성중공업,2018,13669099019540.0,7104047176847.0,6565051842693.0,4819075729657.0,-463796661218.0,-436189286783.0,4.969345036534697,20.23448761404348,12.233047277251128,P_Contd,L_Contd,L_Contd,26.61,14.98,18.97,-729.0,-9.6
삼성중공업,2019,13259469293532.0,8115538850404.0,5143930443128.0,7098805561786.0,-650083948705.0,-1351396855518.0,-10.085108655904586,-209.59435757549008,-113.73305961191593,P_Contd,L_Contd,L_Contd,21.54,7.1,8.63,-2170.0,-3.16
삼성중공업,2020,12680358683476.0,8993198578488.0,3687160104988.0,6825532312130.0,-1012035545241.0,-1428045414646.0,6.937796507031208,31.20968426588971,1.6759186572823677,P_Contd,L_Contd,L_Contd,25.28,6.8,8.52,-2454.0,-2.71
삼성중공업,2021,11892137566148.0,7669432606208.0,4222704959940.0,6542631445460.0,-1192048152877.0,-1270864409237.0,16.738122795295123,35.86450129562061,49.58173390461269,P_Contd,L_Contd,L_Contd,29.98,12.33,16.03,-2174.0,-2.61
삼성중공업,2022,14739373717623.0,11186551196993.0,3552822520630.0,5856207475304.0,-915101596590.0,-779885379958.0,5.721868135847916,-26.358648761979435,-21.84281242788304,P_Contd,L_Contd,L_Contd,24.19,9.77,12.14,-725.0,-7.05
카카오페이,2017,,,,,,,,,,,,,,,,,
카카오페이,2018,,,,,,,,,,,,,,,,,
카카오페이,2019,,,,,,,,,,,,,,,,,
카카오페이,2020,,,,,,,,,,,,,,,,,
카카오페이,2021,,,,,,,,,,,,,,,,,
카카오페이,2022,,,,,,,,,,,,,,,,,
한국타이어앤테크놀로지,2017,6015970961141.0,1708367143607.0,4307603817534.0,3266619240730.0,162843264021.0,289437607240.0,0.0,0.0,0.0,P,P,P,30.79,14.53,19.0,4837.0,11.29
한국타이어앤테크놀로지,2018,6284507359403.0,1789935284342.0,4494572075061.0,3193229259746.0,155844689386.0,243935755810.0,4.969345036534697,20.23448761404348,12.233047277251128,P_Contd,P_Contd,P_Contd,26.61,14.98,18.97,4216.0,9.52
한국타이어앤테크놀로지,2019,6069618535095.0,1401550184749.0,4668068350346.0,3173056805801.0,97389539125.0,241217964610.0,-10.085108655904586,-209.59435757549008,-113.73305961191593,P_Contd,P_Contd,P_Contd,21.54,7.1,8.63,3387.0,9.91
한국타이어앤테크놀로지,2020,6429887711436.0,1758596018888.0,4671291692548.0,2862380051947.0,94145794482.0,87353182275.0,6.937796507031208,31.20968426588971,1.6759186572823677,P_Contd,P_Contd,P_Contd,25.28,6.8,8.52,3032.0,12.99
한국타이어앤테크놀로지,2021,6610994624961.0,1910830260258.0,4700164364703.0,2915221705245.0,-130053795457.0,97779429710.0,16.738122795295123,35.86450129562061,49.58173390461269,P_Contd,L_Turned,P_Contd,29.98,12.33,16.03,4822.0,8.23
한국타이어앤테크놀로지,2022,6769107888360.0,1831049230757.0,4938058657603.0,3471707381551.0,-25062397798.0,263413042279.0,5.721868135847916,-26.358648761979435,-21.84281242788304,P_Contd,L_Contd,P_Contd,24.19,9.77,12.14,5658.0,5.51
롯데케미칼,2017,15269369483103.0,4892088223664.0,10377281259439.0,10149509820365.0,2366584342444.0,1631224830352.0,0.0,0.0,0.0,P,P,P,30.79,14.53,19.0,65625.0,5.34
롯데케미칼,2018,15201889278985.0,3771331034253.0,11430558244732.0,10133832338956.0,1522808152879.0,1426278041229.0,4.969345036534697,20.23448761404348,12.233047277251128,P_Contd,P_Contd,P_Contd,26.61,14.98,18.97,46074.0,5.73
롯데케미칼,2019,14396226786211.0,2936897808285.0,11459328977926.0,9179765913688.0,775704397230.0,394375877936.0,-10.085108655904586,-209.59435757549008,-113.73305961191593,P_Contd,P_Contd,P_Contd,21.54,7.1,8.63,20860.0,10.23
롯데케미칼,2020,15176140842307.0,3576792170552.0,11599348671755.0,9171305612089.0,206743632531.0,115572495291.0,6.937796507031208,31.20968426588971,1.6759186572823677,P_Contd,P_Contd,P_Contd,25.28,6.8,8.52,4623.0,56.87
롯데케미칼,2021,17427438053752.0,5088453424385.0,12338984629367.0,13739086278515.0,976101130406.0,836972045970.0,16.738122795295123,35.86450129562061,49.58173390461269,P_Contd,P_Contd,P_Contd,29.98,12.33,16.03,38911.0,5.31
롯데케미칼,2022,18458139122099.0,6781025911804.0,11677113210295.0,16296609822524.0,-608072280207.0,-318348246843.0,5.721868135847916,-26.358648761979435,-21.84281242788304,P_Contd,L_Turned,L_Turned,24.19,9.77,12.14,1802.0,99.06
HD현대,2017,7750711883000.0,2362099569000.0,5388612314000.0,465241675000.0,282227537000.0,219486624000.0,0.0,0.0,0.0,P,P,P,30.79,14.53,19.0,74413.0,1.02
HD현대,2018,8150735598000.0,2625446591000.0,5525289007000.0,579338552000.0,337847947000.0,130596457000.0,4.969345036534697,20.23448761404348,12.233047277251128,P_Contd,P_Contd,P_Contd,26.61,14.98,18.97,18371.0,3.77
HD현대,2019,8583906445000.0,2741696853000.0,5842209592000.0,492651093000.0,247640973000.0,590858298000.0,-10.085108655904586,-209.59435757549008,-113.73305961191593,P_Contd,P_Contd,P_Contd,21.54,7.1,8.63,11848.0,5.71
HD현대,2020,7727859034000.0,2195022345000.0,5532836689000.0,375932399000.0,300813982000.0,86432633000.0,6.937796507031208,31.20968426588971,1.6759186572823677,P_Contd,P_Contd,P_Contd,25.28,6.8,8.52,-42815.0,-1.32
HD현대,2021,8113257344000.0,2470334987000.0,5642922357000.0,253751437000.0,234373280000.0,502088652000.0,16.738122795295123,35.86450129562061,49.58173390461269,P_Contd,P_Contd,P_Contd,29.98,12.33,16.03,-2082.0,-25.79
HD현대,2022,8675571050000.0,3127984198000.0,5547586852000.0,347229888000.0,316649815000.0,219293648000.0,5.721868135847916,-26.358648761979435,-21.84281242788304,P_Contd,P_Contd,P_Contd,24.19,9.77,12.14,19933.0,2.86
맥쿼리인프라,2017,,,,,,,,,,,,,,,,,
맥쿼리인프라,2018,,,,,,,,,,,,,,,,,
맥쿼리인프라,2019,,,,,,,,,,,,,,,,,
맥쿼리인프라,2020,,,,,,,,,,,,,,,,,
맥쿼리인프라,2021,,,,,,,,,,,,,,,,,
맥쿼리인프라,2022,,,,,,,,,,,,,,,,,
한화솔루션,2017,7483613842871.0,2785780610906.0,4697833231965.0,3965438745840.0,588389343157.0,503274751764.0,0.0,0.0,0.0,P,P,P,30.79,14.53,19.0,5021.0,7.61
한화솔루션,2018,7820589804467.0,2669299591397.0,5151290213070.0,3997664968775.0,353653485690.0,526941910282.0,4.969345036534697,20.23448761404348,12.233047277251128,P_Contd,P_Contd,P_Contd,26.61,14.98,18.97,1136.0,21.5
한화솔루션,2019,8244597143594.0,3228926059340.0,5015671084254.0,3449339121067.0,133923051481.0,-66802470455.0,-10.085108655904586,-209.59435757549008,-113.73305961191593,P_Contd,P_Contd,L_Turned,21.54,7.1,8.63,-1459.0,-15.62
한화솔루션,2020,10626414632302.0,4902193125776.0,5724221506526.0,5717317071646.0,425003745287.0,713856040987.0,6.937796507031208,31.20968426588971,1.6759186572823677,P_Contd,P_Contd,P_Turned,25.28,6.8,8.52,1919.0,30.19
한화솔루션,2021,15310059703385.0,7467425245887.0,7842634457498.0,7395684853708.0,558108483949.0,547461607359.0,16.738122795295123,35.86450129562061,49.58173390461269,P_Contd,P_Contd,P_Contd,29.98,12.33,16.03,3320.0,13.34
한화솔루션,2022,17874844678636.0,9038414154714.0,8836430523922.0,9686399464742.0,920363377740.0,1059364806876.0,5.721868135847916,-26.358648761979435,-21.84281242788304,P_Contd,P_Contd,P_Contd,24.19,9.77,12.14,1873.0,28.64
넷마블,2017,4811061973560.0,426067103719.0,4384994869841.0,1668776658371.0,167887300427.0,85386830685.0,0.0,0.0,0.0,P,P,P,30.79,14.53,19.0,3908.0,48.23
넷마블,2018,4576377599710.0,307249416736.0,4269128182974.0,1159865512772.0,60011724212.0,42944131124.0,4.969345036534697,20.23448761404348,12.233047277251128,P_Contd,P_Contd,P_Contd,26.61,14.98,18.97,2230.0,50.0
넷마블,2019,4511543912779.0,323934384067.0,4187609528712.0,1251836230039.0,80244939471.0,28066555155.0,-10.085108655904586,-209.59435757549008,-113.73305961191593,P_Contd,P_Contd,P_Contd,21.54,7.1,8.63,1883.0,49.07
넷마블,2020,6514109532767.0,1366001589108.0,5148107943659.0,1378429475386.0,97860486023.0,103419586414.0,6.937796507031208,31.20968426588971,1.6759186572823677,P_Contd,P_Contd,P_Contd,25.28,6.8,8.52,3827.0,34.36
넷마블,2021,9115218196889.0,3441924612192.0,5673293584697.0,1319595714711.0,45379655953.0,438492010091.0,16.738122795295123,35.86450129562061,49.58173390461269,P_Contd,P_Contd,P_Contd,29.98,12.33,16.03,2933.0,42.62
넷마블,2022,7396298813707.0,2540606249227.0,4855692564480.0,962604794204.0,-13206963053.0,-533768303502.0,5.721868135847916,-26.358648761979435,-21.84281242788304,P_Contd,L_Turned,L_Turned,24.19,9.77,12.14,-9998.0,-6.04
현대차2우B,2017,,,,,,,,,,,,,,,,,
현대차2우B,2018,,,,,,,,,,,,,,,,,
현대차2우B,2019,,,,,,,,,,,,,,,,,
현대차2우B,2020,,,,,,,,,,,,,,,,,
현대차2우B,2021,,,,,,,,,,,,,,,,,
현대차2우B,2022,,,,,,,,,,,,,,,,,
미래에셋증권,2017,,,,,,,,,,,,,,,,,
미래에셋증권,2018,,,,,,,,,,,,,,,,,
미래에셋증권,2019,,,,,,,,,,,,,,,,,
미래에셋증권,2020,,,,,,,,,,,,,,,,,
미래에셋증권,2021,,,,,,,,,,,,,,,,,
미래에셋증권,2022,,,,,,,,,,,,,,,,,
코스모신소재,2017,197678365794.0,123551964276.0,74126401518.0,314604636517.0,8476107631.0,8223956143.0,0.0,0.0,0.0,P,P,P,30.79,14.53,19.0,526.0,21.03
코스모신소재,2018,237347906353.0,149061073229.0,88286833124.0,534011298221.0,15147034565.0,10446693485.0,4.969345036534697,20.23448761404348,12.233047277251128,P_Contd,P_Contd,P_Contd,26.61,14.98,18.97,515.0,30.11
코스모신소재,2019,264756490424.0,113691884328.0,151064606096.0,243904528628.0,-3620826252.0,-1800133133.0,-10.085108655904586,-209.59435757549008,-113.73305961191593,P_Contd,L_Turned,L_Turned,21.54,7.1,8.63,-80.0,-109.89
코스모신소재,2020,362322681514.0,185519057095.0,176803624419.0,204252718287.0,12437917352.0,11736404500.0,6.937796507031208,31.20968426588971,1.6759186572823677,P_Contd,P_Turned,P_Turned,25.28,6.8,8.52,401.0,48.4
코스모신소재,2021,348482657487.0,143034110908.0,205448546579.0,305893094697.0,21792842464.0,17998487325.0,16.738122795295123,35.86450129562061,49.58173390461269,P_Contd,P_Contd,P_Contd,29.98,12.33,16.03,604.0,75.48
코스모신소재,2022,451321116581.0,200117019634.0,251204096947.0,485605243552.0,32475176321.0,27697027964.0,5.721868135847916,-26.358648761979435,-21.84281242788304,P_Contd,P_Contd,P_Contd,24.19,9.77,12.14,912.0,56.11
엘앤에프,2017,240064893787.0,112361494487.0,127703399300.0,359393986384.0,25468329923.0,20802484846.0,0.0,0.0,0.0,P,P,P,30.79,14.53,19.0,963.0,41.21
엘앤에프,2018,302409617085.0,156314091664.0,146095525421.0,494339483572.0,25202714510.0,18484690573.0,4.969345036534697,20.23448761404348,12.233047277251128,P_Contd,P_Contd,P_Contd,26.61,14.98,18.97,927.0,36.41
엘앤에프,2019,393357840486.0,260334038975.0,133023801511.0,312072282621.0,-9054001781.0,-10805049036.0,-10.085108655904586,-209.59435757549008,-113.73305961191593,P_Contd,L_Turned,L_Turned,21.54,7.1,8.63,-428.0,-47.55
엘앤에프,2020,445906219665.0,247171764577.0,198734455088.0,355967910793.0,450240882.0,-15081845620.0,6.937796507031208,31.20968426588971,1.6759186572823677,P_Contd,P_Turned,L_Contd,25.28,6.8,8.52,-687.0,-100.1
엘앤에프,2021,1495720174614.0,862432305200.0,633287869414.0,966422607511.0,41750154998.0,-114120042339.0,16.738122795295123,35.86450129562061,49.58173390461269,P_Contd,P_Contd,L_Contd,29.98,12.33,16.03,-4198.0,-52.98
엘앤에프,2022,2980300074397.0,1695810842400.0,1284489231997.0,3886225572896.0,265358083903.0,272172837471.0,5.721868135847916,-26.358648761979435,-21.84281242788304,P_Contd,P_Contd,P_Turned,24.19,9.77,12.14,8269.0,20.98
한진칼,2017,1923442121925.0,429108793837.0,1494333328088.0,,44665913000.0,244311537725.0,0.0,0.0,0.0,L,P,P,30.79,14.53,19.0,3815.0,4.8
한진칼,2018,2007816384179.0,490288210959.0,1517528173220.0,,46655173404.0,30906516855.0,4.969345036534697,20.23448761404348,12.233047277251128,L_Turned,P_Contd,P_Contd,26.61,14.98,18.97,-602.0,-49.5
한진칼,2019,1907568534338.0,377318452528.0,1530250081810.0,,48606135242.0,30675555609.0,-10.085108655904586,-209.59435757549008,-113.73305961191593,L_Turned,P_Contd,P_Contd,21.54,7.1,8.63,-4094.0,-9.77
한진칼,2020,3021178321935.0,1010706495368.0,2010471826567.0,,19093617428.0,-3415383028.0,6.937796507031208,31.20968426588971,1.6759186572823677,L_Turned,P_Contd,L_Turned,25.28,6.8,8.52,-4476.0,-14.1
한진칼,2021,3113888377477.0,1156702206213.0,1957186171264.0,,16910464480.0,-81135627703.0,16.738122795295123,35.86450129562061,49.58173390461269,L_Turned,P_Contd,L_Contd,29.98,12.33,16.03,247.0,248.58
한진칼,2022,3314325663374.0,980378107198.0,2333947556176.0,,24783960572.0,379175507735.0,5.721868135847916,-26.358648761979435,-21.84281242788304,L_Turned,P_Contd,P_Turned,24.19,9.77,12.14,10143.0,3.69
SK바이오사이언스,2017,,,,,,,,,,,,,,,,,
SK바이오사이언스,2018,,,,,,,,,,,,,,,,,
SK바이오사이언스,2019,,,,,,,,,,,,,,,,,
SK바이오사이언스,2020,,,,,,,,,,,,,,,,,
SK바이오사이언스,2021,,,,,,,,,,,,,,,,,
SK바이오사이언스,2022,,,,,,,,,,,,,,,,,
유한양행,2017,1810455414168.0,322464154229.0,1487991259939.0,1451988375808.0,80357750331.0,110732277277.0,0.0,0.0,0.0,P,P,P,30.79,14.53,19.0,10176.0,3.31
유한양행,2018,1920025481950.0,365750370041.0,1554275111909.0,1506765993129.0,60940707766.0,81493570410.0,4.969345036534697,20.23448761404348,12.233047277251128,P_Contd,P_Contd,P_Contd,26.61,14.98,18.97,5056.0,6.49
유한양행,2019,1931965072195.0,357855603440.0,1574109468755.0,1463260524486.0,40360545445.0,53953369251.0,-10.085108655904586,-209.59435757549008,-113.73305961191593,P_Contd,P_Contd,P_Contd,21.54,7.1,8.63,3365.0,11.79
유한양행,2020,2139879593802.0,389512450133.0,1750367143669.0,1567941075202.0,115964232044.0,193309897717.0,6.937796507031208,31.20968426588971,1.6759186572823677,P_Contd,P_Contd,P_Contd,25.28,6.8,8.52,2807.0,23.44
유한양행,2021,2201518256252.0,350539913969.0,1850978342283.0,1624133429291.0,61170450173.0,113865557474.0,16.738122795295123,35.86450129562061,49.58173390461269,P_Contd,P_Contd,P_Contd,29.98,12.33,16.03,1496.0,38.0
유한양행,2022,2274482334364.0,333634565190.0,1940847769174.0,1726364616787.0,41119506932.0,130274124259.0,5.721868135847916,-26.358648761979435,-21.84281242788304,P_Contd,P_Contd,P_Contd,24.19,9.77,12.14,1327.0,41.25
금양,2017,167120998153.0,135869023785.0,31251974368.0,150809074802.0,5934739675.0,366687895.0,0.0,0.0,0.0,P,P,P,30.79,14.53,19.0,517.0,4.8
금양,2018,155507051869.0,106319214078.0,49187837791.0,151676397510.0,6516687354.0,16116051568.0,4.969345036534697,20.23448761404348,12.233047277251128,P_Contd,P_Contd,P_Contd,26.61,14.98,18.97,533.0,4.38
금양,2019,171931897031.0,136927078277.0,35004818754.0,135915020314.0,5271745983.0,-12752836282.0,-10.085108655904586,-209.59435757549008,-113.73305961191593,P_Contd,P_Contd,L_Turned,21.54,7.1,8.63,-279.0,-8.6
금양,2020,160123582327.0,113751380781.0,46372201546.0,120928396145.0,3963612461.0,-4095629805.0,6.937796507031208,31.20968426588971,1.6759186572823677,P_Contd,P_Contd,L_Contd,25.28,6.8,8.52,-95.0,-69.68
금양,2021,233730825453.0,174620864848.0,59109960605.0,175521043692.0,7235825137.0,208183933.0,16.738122795295123,35.86450129562061,49.58173390461269,P_Contd,P_Contd,P_Turned,29.98,12.33,16.03,295.0,16.63
금양,2022,249083247433.0,154206876558.0,94876370875.0,181688141990.0,11563753125.0,-3494226747.0,5.721868135847916,-26.358648761979435,-21.84281242788304,P_Contd,P_Contd,L_Turned,24.19,9.77,12.14,-575.0,-41.57
현대제철,2017,31189897494620.0,14405850860115.0,16784046634505.0,16889331092907.0,1233303943206.0,726163342504.0,0.0,0.0,0.0,P,P,P,30.79,14.53,19.0,5455.0,10.74
현대제철,2018,31188536288738.0,14435329524165.0,16753206764573.0,18610813227460.0,933453299579.0,373477704257.0,4.969345036534697,20.23448761404348,12.233047277251128,P_Contd,P_Contd,P_Contd,26.61,14.98,18.97,3037.0,14.9
현대제철,2019,32025224294707.0,15086071070950.0,16939153223757.0,18073859360410.0,278437250325.0,32468233310.0,-10.085108655904586,-209.59435757549008,-113.73305961191593,P_Contd,P_Contd,P_Contd,21.54,7.1,8.63,130.0,241.92
현대제철,2020,32452360725557.0,16049822779590.0,16402537945967.0,15568026955252.0,41659285226.0,-455916769443.0,6.937796507031208,31.20968426588971,1.6759186572823677,P_Contd,P_Contd,L_Turned,25.28,6.8,8.52,-3272.0,-12.1
현대제철,2021,34181265225130.0,16414881456385.0,17766383768745.0,19991486622646.0,2299799233395.0,1382033670840.0,16.738122795295123,35.86450129562061,49.58173390461269,P_Contd,P_Contd,P_Turned,29.98,12.33,16.03,11110.0,3.69
현대제철,2022,34063791352307.0,15521420416319.0,18542370935988.0,23666889994897.0,1464738464719.0,969789790722.0,5.721868135847916,-26.358648761979435,-21.84281242788304,P_Contd,P_Contd,P_Contd,24.19,9.77,12.14,7736.0,3.96
두산로보틱스,2017,,,,,,,,,,,,,,,,,
두산로보틱스,2018,,,,,,,,,,,,,,,,,
두산로보틱스,2019,,,,,,,,,,,,,,,,,
두산로보틱스,2020,,,,,,,,,,,,,,,,,
두산로보틱스,2021,,,,,,,,,,,,,,,,,
두산로보틱스,2022,,,,,,,,,,,,,,,,,
GS,2017,6201620000000.0,1132683000000.0,5068937000000.0,493029000000.0,450162000000.0,377728000000.0,0.0,0.0,0.0,P,P,P,30.79,14.53,19.0,10416.0,5.97
GS,2018,6236061000000.0,918307000000.0,5317754000000.0,506038000000.0,469410000000.0,421745000000.0,4.969345036534697,20.23448761404348,12.233047277251128,P_Contd,P_Contd,P_Contd,26.61,14.98,18.97,9539.0,5.41
GS,2019,6172968000000.0,758728000000.0,5414240000000.0,365336000000.0,309032000000.0,277528000000.0,-10.085108655904586,-209.59435757549008,-113.73305961191593,P_Contd,P_Contd,P_Contd,21.54,7.1,8.63,5745.0,8.98
GS,2020,5956881000000.0,775990000000.0,5180891000000.0,306286000000.0,241300000000.0,-53296000000.0,6.937796507031208,31.20968426588971,1.6759186572823677,P_Contd,P_Contd,L_Turned,25.28,6.8,8.52,-2564.0,-14.65
GS,2021,6330030000000.0,1029429000000.0,5300601000000.0,230570000000.0,159551000000.0,299847000000.0,16.738122795295123,35.86450129562061,49.58173390461269,P_Contd,P_Contd,P_Turned,29.98,12.33,16.03,15304.0,2.55
GS,2022,6623315000000.0,1066330000000.0,5556985000000.0,563402000000.0,479123000000.0,445477000000.0,5.721868135847916,-26.358648761979435,-21.84281242788304,P_Contd,P_Contd,P_Contd,24.19,9.77,12.14,22634.0,1.94
LG생활건강,2017,3485483701764.0,1125929855002.0,2359553846762.0,3717359562579.0,696571803070.0,595638367625.0,0.0,0.0,0.0,P,P,P,30.79,14.53,19.0,36184.0,32.86
LG생활건강,2018,3687211659758.0,878727689207.0,2808483970551.0,4060157953652.0,761381165996.0,605848632345.0,4.969345036534697,20.23448761404348,12.233047277251128,P_Contd,P_Contd,P_Contd,26.61,14.98,18.97,40740.0,27.03
LG생활건강,2019,4093775064826.0,829408159624.0,3264366905202.0,4536975744094.0,859358418995.0,622867720362.0,-10.085108655904586,-209.59435757549008,-113.73305961191593,P_Contd,P_Contd,P_Contd,21.54,7.1,8.63,46431.0,27.16
LG생활건강,2020,4560931341806.0,767456847965.0,3793474493841.0,4418256992442.0,785609274841.0,618438771442.0,6.937796507031208,31.20968426588971,1.6759186572823677,P_Contd,P_Contd,P_Contd,25.28,6.8,8.52,47596.0,34.04
LG생활건강,2021,5112381321495.0,891067261983.0,4221314059512.0,4956147582105.0,980044257285.0,607236085784.0,16.738122795295123,35.86450129562061,49.58173390461269,P_Contd,P_Contd,P_Contd,29.98,12.33,16.03,50395.0,21.77
LG생활건강,2022,4707323719826.0,579230692846.0,4128093026980.0,3783321412082.0,428276866223.0,76950845421.0,5.721868135847916,-26.358648761979435,-21.84281242788304,P_Contd,P_Contd,P_Contd,24.19,9.77,12.14,14119.0,51.14
한국항공우주,2017,3164601115490.0,2025742948397.0,1138858167093.0,2072249142312.0,-208940620193.0,-235471322521.0,0.0,0.0,0.0,P,L,L,30.79,14.53,19.0,-2413.0,-19.66
한국항공우주,2018,3735000646178.0,2685687058718.0,1049313587460.0,2786108140062.0,150996492838.0,75576113997.0,4.969345036534697,20.23448761404348,12.233047277251128,P_Contd,P_Turned,P_Turned,26.61,14.98,18.97,587.0,54.34
한국항공우주,2019,4320002471855.0,3132941151099.0,1187061320756.0,3108623556734.0,283302169446.0,175665184024.0,-10.085108655904586,-209.59435757549008,-113.73305961191593,P_Contd,P_Contd,P_Contd,21.54,7.1,8.63,1748.0,19.48
한국항공우주,2020,5114001345393.0,3868423573908.0,1245577771485.0,2811967925744.0,148590816348.0,81635521828.0,6.937796507031208,31.20968426588971,1.6759186572823677,P_Contd,P_Contd,P_Contd,25.28,6.8,8.52,766.0,33.68
한국항공우주,2021,5794631717908.0,4506031016561.0,1288600701347.0,2548320397236.0,67540126651.0,33592108511.0,16.738122795295123,35.86450129562061,49.58173390461269,P_Contd,P_Contd,P_Contd,29.98,12.33,16.03,656.0,49.47
한국항공우주,2022,7706665964482.0,6253982150329.0,1452683814153.0,2771951057743.0,148398618623.0,125399376661.0,5.721868135847916,-26.358648761979435,-21.84281242788304,P_Contd,P_Contd,P_Contd,24.19,9.77,12.14,1215.0,41.89
SK아이이테크놀로지,2017,,,,,,,,,,,,,,,,,
SK아이이테크놀로지,2018,,,,,,,,,,,,,,,,,
SK아이이테크놀로지,2019,,,,,,,,,,,,,,,,,
SK아이이테크놀로지,2020,,,,,,,,,,,,,,,,,
SK아이이테크놀로지,2021,,,,,,,,,,,,,,,,,
SK아이이테크놀로지,2022,,,,,,,,,,,,,,,,,
LG이노텍,2017,5391209318156.0,3598254857455.0,1792954460701.0,7149756338327.0,266339127435.0,180414447916.0,0.0,0.0,0.0,P,P,P,30.79,14.53,19.0,7386.0,19.5
LG이노텍,2018,5062817016686.0,3140216120634.0,1922600896052.0,7607397531293.0,175707522109.0,128117715507.0,4.969345036534697,20.23448761404348,12.233047277251128,P_Contd,P_Contd,P_Contd,26.61,14.98,18.97,6892.0,12.54
LG이노텍,2019,5070125626985.0,3093240963896.0,1976884663089.0,8042527935160.0,287730670626.0,80658023168.0,-10.085108655904586,-209.59435757549008,-113.73305961191593,P_Contd,P_Contd,P_Contd,21.54,7.1,8.63,4323.0,32.38
LG이노텍,2020,5492250317155.0,3324320989065.0,2167929328090.0,9290257033776.0,561338854693.0,186482332246.0,6.937796507031208,31.20968426588971,1.6759186572823677,P_Contd,P_Contd,P_Contd,25.28,6.8,8.52,9978.0,18.29
LG이노텍,2021,6989346973560.0,4092054224762.0,2897292748798.0,14594815510135.0,1106099811504.0,789717005936.0,16.738122795295123,35.86450129562061,49.58173390461269,P_Contd,P_Contd,P_Contd,29.98,12.33,16.03,37536.0,9.7
LG이노텍,2022,8668015354998.0,5103993833958.0,3564021521040.0,19092897004168.0,1016233433104.0,720393793075.0,5.721868135847916,-26.358648761979435,-21.84281242788304,P_Contd,P_Contd,P_Contd,24.19,9.77,12.14,41406.0,6.1
두산밥캣,2017,,,,,,,,,,,,,,,,,
두산밥캣,2018,,,,,,,,,,,,,,,,,
두산밥캣,2019,,,,,,,,,,,,,,,,,
두산밥캣,2020,,,,,,,,,,,,,,,,,
두산밥캣,2021,,,,,,,,,,,,,,,,,
두산밥캣,2022,,,,,,,,,,,,,,,,,
삼성엔지니어링,2017,4195720724027.0,3399636701014.0,796084023013.0,4482219762095.0,-124984572536.0,-96603891915.0,0.0,0.0,0.0,P,L,L,30.79,14.53,19.0,-329.0,-37.69
삼성엔지니어링,2018,3994758422362.0,3204563639465.0,790194782897.0,4264918680319.0,-4437900948.0,27493458599.0,4.969345036534697,20.23448761404348,12.233047277251128,P_Contd,L_Contd,P_Turned,26.61,14.98,18.97,313.0,56.23
삼성엔지니어링,2019,3686124041219.0,2758935311324.0,927188729895.0,4795373704723.0,231215985942.0,152524778739.0,-10.085108655904586,-209.59435757549008,-113.73305961191593,P_Contd,P_Turned,P_Contd,21.54,7.1,8.63,1637.0,11.73
삼성엔지니어링,2020,3827134159080.0,2618319705601.0,1208814453479.0,5020786128327.0,256867726901.0,232094660568.0,6.937796507031208,31.20968426588971,1.6759186572823677,P_Contd,P_Contd,P_Contd,25.28,6.8,8.52,1288.0,10.29
삼성엔지니어링,2021,4231577720389.0,2846432212930.0,1385145507459.0,5085977646000.0,289057556540.0,177152141865.0,16.738122795295123,35.86450129562061,49.58173390461269,P_Contd,P_Contd,P_Contd,29.98,12.33,16.03,1900.0,12.05
삼성엔지니어링,2022,5165940384524.0,3460358419924.0,1705581964600.0,6673315540111.0,504880671976.0,307787438594.0,5.721868135847916,-26.358648761979435,-21.84281242788304,P_Contd,P_Contd,P_Contd,24.19,9.77,12.14,3392.0,6.56
코웨이,2017,,,,,,,,,,,,,,,,,
코웨이,2018,,,,,,,,,,,,,,,,,
코웨이,2019,,,,,,,,,,,,,,,,,
코웨이,2020,,,,,,,,,,,,,,,,,
코웨이,2021,,,,,,,,,,,,,,,,,
코웨이,2022,,,,,,,,,,,,,,,,,
엔씨소프트,2017,,,,,,,,,,,,,,,,,
엔씨소프트,2018,,,,,,,,,,,,,,,,,
엔씨소프트,2019,,,,,,,,,,,,,,,,,
엔씨소프트,2020,,,,,,,,,,,,,,,,,
엔씨소프트,2021,,,,,,,,,,,,,,,,,
엔씨소프트,2022,,,,,,,,,,,,,,,,,
LG유플러스,2017,,,,,,,,,,,,,,,,,
LG유플러스,2018,,,,,,,,,,,,,,,,,
LG유플러스,2019,,,,,,,,,,,,,,,,,
LG유플러스,2020,,,,,,,,,,,,,,,,,
LG유플러스,2021,,,,,,,,,,,,,,,,,
LG유플러스,2022,,,,,,,,,,,,,,,,,
CJ제일제당,2017,,,,,,,,,,,,,,,,,
CJ제일제당,2018,,,,,,,,,,,,,,,,,
CJ제일제당,2019,,,,,,,,,,,,,,,,,
CJ제일제당,2020,,,,,,,,,,,,,,,,,
CJ제일제당,2021,,,,,,,,,,,,,,,,,
CJ제일제당,2022,,,,,,,,,,,,,,,,,
한미약품,2017,,,,,,,,,,,,,,,,,
한미약품,2018,,,,,,,,,,,,,,,,,
한미약품,2019,,,,,,,,,,,,,,,,,
한미약품,2020,,,,,,,,,,,,,,,,,
한미약품,2021,,,,,,,,,,,,,,,,,
한미약품,2022,,,,,,,,,,,,,,,,,
현대오토에버,2017,,,,,,,,,,,,,,,,,
현대오토에버,2018,,,,,,,,,,,,,,,,,
현대오토에버,2019,,,,,,,,,,,,,,,,,
현대오토에버,2020,,,,,,,,,,,,,,,,,
현대오토에버,2021,,,,,,,,,,,,,,,,,
현대오토에버,2022,,,,,,,,,,,,,,,,,
LG디스플레이,2017,25409415000000.0,11580156000000.0,13829259000000.0,25591082000000.0,1536730000000.0,1779721000000.0,0.0,0.0,0.0,P,P,P,30.79,14.53,19.0,5038.0,5.49
LG디스플레이,2018,27062106000000.0,13849525000000.0,13212581000000.0,22371687000000.0,-472995000000.0,-442291000000.0,4.969345036534697,20.23448761404348,12.233047277251128,P_Contd,L_Turned,L_Turned,26.61,14.98,18.97,-579.0,-28.81
LG디스플레이,2019,27382680000000.0,16716587000000.0,10666093000000.0,21658329000000.0,-1784245000000.0,-2639893000000.0,-10.085108655904586,-209.59435757549008,-113.73305961191593,P_Contd,L_Contd,L_Contd,21.54,7.1,8.63,-7908.0,-1.9
LG디스플레이,2020,26705202000000.0,16441967000000.0,10263235000000.0,22799273000000.0,-812979000000.0,-513262000000.0,6.937796507031208,31.20968426588971,1.6759186572823677,P_Contd,L_Contd,L_Contd,25.28,6.8,8.52,-265.0,-64.7
LG디스플레이,2021,29478122000000.0,18835304000000.0,10642818000000.0,28364914000000.0,721931000000.0,552173000000.0,16.738122795295123,35.86450129562061,49.58173390461269,P_Contd,P_Turned,P_Turned,29.98,12.33,16.03,3315.0,6.86
LG디스플레이,2022,29259039000000.0,21908600000000.0,7350439000000.0,24131172000000.0,-3201463000000.0,-3191387000000.0,5.721868135847916,-26.358648761979435,-21.84281242788304,P_Contd,L_Turned,L_Turned,24.19,9.77,12.14,-8584.0,-1.34
삼성카드,2017,,,,,,,,,,,,,,,,,
삼성카드,2018,,,,,,,,,,,,,,,,,
삼성카드,2019,,,,,,,,,,,,,,,,,
삼성카드,2020,,,,,,,,,,,,,,,,,
삼성카드,2021,,,,,,,,,,,,,,,,,
삼성카드,2022,,,,,,,,,,,,,,,,,
금호석유,2017,3378438938830.0,1996923487984.0,1381515450846.0,3926050763490.0,216351104132.0,135421884729.0,0.0,0.0,0.0,P,P,P,30.79,14.53,19.0,7647.0,13.01
금호석유,2018,3141279400312.0,1623432487487.0,1517846912825.0,3899573264125.0,285065166922.0,182630029071.0,4.969345036534697,20.23448761404348,12.233047277251128,P_Contd,P_Contd,P_Contd,26.61,14.98,18.97,17597.0,4.96
금호석유,2019,3137664764721.0,1372860659159.0,1764804105562.0,3699122523813.0,299921863822.0,262497364577.0,-10.085108655904586,-209.59435757549008,-113.73305961191593,P_Contd,P_Contd,P_Contd,21.54,7.1,8.63,10549.0,7.35
금호석유,2020,3451429757234.0,1315603722246.0,2135826034988.0,3489720117403.0,514923325301.0,434323598842.0,6.937796507031208,31.20968426588971,1.6759186572823677,P_Contd,P_Contd,P_Contd,25.28,6.8,8.52,20881.0,6.94
금호석유,2021,4648774192841.0,1570407436708.0,3078366756133.0,5501282084211.0,1342782403394.0,986986525113.0,16.738122795295123,35.86450129562061,49.58173390461269,P_Contd,P_Contd,P_Contd,29.98,12.33,16.03,70433.0,2.36
금호석유,2022,4278839837980.0,1085433048988.0,3193406788992.0,5086855585805.0,656205503429.0,575138552421.0,5.721868135847916,-26.358648761979435,-21.84281242788304,P_Contd,P_Contd,P_Contd,24.19,9.77,12.14,37290.0,3.38
HD현대일렉트릭,2017,2083375719408.0,1045002662141.0,1038373057267.0,1449607566718.0,62614413908.0,14552072519.0,0.0,0.0,0.0,P,P,P,30.79,14.53,19.0,930.0,53.07
HD현대일렉트릭,2018,2137884323218.0,1289465566550.0,848418756668.0,1732614019731.0,-93210171654.0,-177878074957.0,4.969345036534697,20.23448761404348,12.233047277251128,P_Contd,L_Turned,L_Turned,26.61,14.98,18.97,-8812.0,-2.17
HD현대일렉트릭,2019,2062662133890.0,1358114189940.0,704547943950.0,1553566797128.0,-147304887596.0,-253482531845.0,-10.085108655904586,-209.59435757549008,-113.73305961191593,P_Contd,L_Contd,L_Contd,21.54,7.1,8.63,-12961.0,-0.89
HD현대일렉트릭,2020,2078906156586.0,1388349135615.0,690557020971.0,1566219690496.0,70645215811.0,-37881063168.0,6.937796507031208,31.20968426588971,1.6759186572823677,P_Contd,P_Turned,L_Contd,25.28,6.8,8.52,-1118.0,-14.67
HD현대일렉트릭,2021,1938945537507.0,1292187047926.0,646758489581.0,1554243128531.0,4742995001.0,-32960374085.0,16.738122795295123,35.86450129562061,49.58173390461269,P_Contd,P_Contd,L_Contd,29.98,12.33,16.03,-936.0,-21.26
HD현대일렉트릭,2022,2048148893514.0,1254010814567.0,794138078947.0,1829775313989.0,137299719459.0,136271087483.0,5.721868135847916,-26.358648761979435,-21.84281242788304,P_Contd,P_Contd,P_Turned,24.19,9.77,12.14,4514.0,9.42
현대건설,2017,11517279000000.0,5987363000000.0,5529916000000.0,10167960000000.0,418815000000.0,148864000000.0,0.0,0.0,0.0,P,P,P,30.79,14.53,19.0,1810.0,19.51
현대건설,2018,11287867000000.0,5975408000000.0,5312459000000.0,10016133000000.0,304923000000.0,233410000000.0,4.969345036534697,20.23448761404348,12.233047277251128,P_Contd,P_Contd,P_Contd,26.61,14.98,18.97,3424.0,15.52
현대건설,2019,11302918000000.0,5717111000000.0,5585807000000.0,10014658000000.0,370564000000.0,270958000000.0,-10.085108655904586,-209.59435757549008,-113.73305961191593,P_Contd,P_Contd,P_Contd,21.54,7.1,8.63,3656.0,11.26
현대건설,2020,11905200000000.0,6360125000000.0,5545075000000.0,9320113000000.0,236363000000.0,102477000000.0,6.937796507031208,31.20968426588971,1.6759186572823677,P_Contd,P_Contd,P_Contd,25.28,6.8,8.52,1097.0,33.22
현대건설,2021,13291471000000.0,7285634000000.0,6005837000000.0,10246315000000.0,305119000000.0,285490000000.0,16.738122795295123,35.86450129562061,49.58173390461269,P_Contd,P_Contd,P_Contd,29.98,12.33,16.03,3625.0,12.26
현대건설,2022,13738416000000.0,7344179000000.0,6394237000000.0,11978479000000.0,346342000000.0,346572000000.0,5.721868135847916,-26.358648761979435,-21.84281242788304,P_Contd,P_Contd,P_Contd,24.19,9.77,12.14,3637.0,9.6
NH투자증권,2017,,,,,,,,,,,,,,,,,
NH투자증권,2018,,,,,,,,,,,,,,,,,
NH투자증권,2019,,,,,,,,,,,,,,,,,
NH투자증권,2020,,,,,,,,,,,,,,,,,
NH투자증권,2021,,,,,,,,,,,,,,,,,
NH투자증권,2022,,,,,,,,,,,,,,,,,
강원랜드,2017,4182527382369.0,681737726604.0,3500789655765.0,1546203385485.0,535824584566.0,437096330406.0,0.0,0.0,0.0,P,P,P,30.79,14.53,19.0,2159.0,16.12
강원랜드,2018,4229630540659.0,643178007453.0,3586452533206.0,1436042435255.0,434851736806.0,297320113771.0,4.969345036534697,20.23448761404348,12.233047277251128,P_Contd,P_Contd,P_Contd,26.61,14.98,18.97,1467.0,21.81
강원랜드,2019,4436461952870.0,718028951906.0,3718433000964.0,1517612251741.0,502725263905.0,335609507912.0,-10.085108655904586,-209.59435757549008,-113.73305961191593,P_Contd,P_Contd,P_Contd,21.54,7.1,8.63,1651.0,17.93
강원랜드,2020,3635973900214.0,391229925330.0,3244743974884.0,477474857789.0,-430879909084.0,-278763194868.0,6.937796507031208,31.20968426588971,1.6759186572823677,P_Contd,L_Turned,L_Turned,25.28,6.8,8.52,-1361.0,-17.27
강원랜드,2021,3817618525429.0,568331444886.0,3249287080543.0,787377361927.0,-52800541031.0,-11910505355.0,16.738122795295123,35.86450129562061,49.58173390461269,P_Contd,L_Contd,L_Contd,29.98,12.33,16.03,-52.0,-462.5
강원랜드,2022,4157624144369.0,745844801897.0,3411779342472.0,1269418093650.0,217938431796.0,115887555306.0,5.721868135847916,-26.358648761979435,-21.84281242788304,P_Contd,P_Turned,P_Turned,24.19,9.77,12.14,570.0,40.7
오리온,2017,1138455473054.0,486341236114.0,652114236940.0,393302071228.0,45022766719.0,34264073915.0,0.0,0.0,0.0,P,P,P,30.79,14.53,19.0,1912.0,54.65
오리온,2018,1163673067524.0,465777481733.0,697895585791.0,711901797746.0,92211127322.0,70764569010.0,4.969345036534697,20.23448761404348,12.233047277251128,P_Contd,P_Contd,P_Contd,26.61,14.98,18.97,3538.0,33.92
오리온,2019,1190809872307.0,443631853493.0,747178018814.0,732834533701.0,107773817760.0,76477931992.0,-10.085108655904586,-209.59435757549008,-113.73305961191593,P_Contd,P_Contd,P_Contd,21.54,7.1,8.63,5454.0,19.34
오리온,2020,1206951233112.0,398318165477.0,808633067635.0,769223241057.0,114170089934.0,75658936781.0,6.937796507031208,31.20968426588971,1.6759186572823677,P_Contd,P_Contd,P_Contd,25.28,6.8,8.52,6769.0,18.32
오리온,2021,1268634936224.0,399646797939.0,868988138285.0,807371801173.0,130936069396.0,92263401781.0,16.738122795295123,35.86450129562061,49.58173390461269,P_Contd,P_Contd,P_Contd,29.98,12.33,16.03,6519.0,15.88
오리온,2022,1228500765566.0,276810739673.0,951690025893.0,939112571506.0,140231959471.0,104657276209.0,5.721868135847916,-26.358648761979435,-21.84281242788304,P_Contd,P_Contd,P_Contd,24.19,9.77,12.14,9926.0,12.9
한국금융지주,2017,,,,,,,,,,,,,,,,,
한국금융지주,2018,,,,,,,,,,,,,,,,,
한국금융지주,2019,,,,,,,,,,,,,,,,,
한국금융지주,2020,,,,,,,,,,,,,,,,,
한국금융지주,2021,,,,,,,,,,,,,,,,,
한국금융지주,2022,,,,,,,,,,,,,,,,,
삼성증권,2017,,,,,,,,,,,,,,,,,
삼성증권,2018,,,,,,,,,,,,,,,,,
삼성증권,2019,,,,,,,,,,,,,,,,,
삼성증권,2020,,,,,,,,,,,,,,,,,
삼성증권,2021,,,,,,,,,,,,,,,,,
삼성증권,2022,,,,,,,,,,,,,,,,,
현대차우,2017,,,,,,,,,,,,,,,,,
현대차우,2018,,,,,,,,,,,,,,,,,
현대차우,2019,,,,,,,,,,,,,,,,,
현대차우,2020,,,,,,,,,,,,,,,,,
현대차우,2021,,,,,,,,,,,,,,,,,
현대차우,2022,,,,,,,,,,,,,,,,,
롯데지주,2017,6187084322875.0,1241882705326.0,4945201617549.0,,-3646215682.0,,0.0,0.0,0.0,L,L,L,30.79,14.53,19.0,7625.0,8.54
롯데지주,2018,9156136128637.0,3889265969594.0,5266870159043.0,,120808196199.0,,4.969345036534697,20.23448761404348,12.233047277251128,L_Turned,P_Turned,L_Turned,26.61,14.98,18.97,2713.0,19.42
롯데지주,2019,7796179617620.0,2395666359495.0,5400513258125.0,,241581534423.0,,-10.085108655904586,-209.59435757549008,-113.73305961191593,L_Turned,P_Contd,L_Turned,21.54,7.1,8.63,-5028.0,-7.75
롯데지주,2020,7936177329266.0,2901416884601.0,5034760444665.0,,163488057158.0,-307115848196.0,6.937796507031208,31.20968426588971,1.6759186572823677,L_Turned,P_Contd,L_Turned,25.28,6.8,8.52,-2775.0,-12.72
롯데지주,2021,8304048991156.0,3375083163611.0,4928965827545.0,,112072327865.0,-36358246381.0,16.738122795295123,35.86450129562061,49.58173390461269,L_Turned,P_Contd,L_Contd,29.98,12.33,16.03,4315.0,6.93
롯데지주,2022,9274644344054.0,4373419528568.0,4901224815486.0,,127127479970.0,63672134425.0,5.721868135847916,-26.358648761979435,-21.84281242788304,L_Turned,P_Contd,P_Turned,24.19,9.77,12.14,2387.0,12.9
쌍용C&E,2017,2999672693105.0,1084278421698.0,1915394271407.0,1033256984634.0,174462896877.0,422649749365.0,0.0,0.0,0.0,P,P,P,30.79,14.53,19.0,624.0,6.55
쌍용C&E,2018,2967127978072.0,1070485842329.0,1896642135743.0,995862518598.0,166948301134.0,150467970355.0,4.969345036534697,20.23448761404348,12.233047277251128,P_Contd,P_Contd,P_Contd,26.61,14.98,18.97,289.0,23.84
쌍용C&E,2019,2923004937024.0,1136353531132.0,1786651405892.0,1044759954868.0,170412768560.0,137323606536.0,-10.085108655904586,-209.59435757549008,-113.73305961191593,P_Contd,P_Contd,P_Contd,21.54,7.1,8.63,259.0,23.98
쌍용C&E,2020,2923926636008.0,1252643385853.0,1671283250155.0,992643779458.0,196066668271.0,134193211231.0,6.937796507031208,31.20968426588971,1.6759186572823677,P_Contd,P_Contd,P_Contd,25.28,6.8,8.52,275.0,24.29
쌍용C&E,2021,3042617621433.0,1412689517062.0,1629928104371.0,1142259759742.0,182874189554.0,179290831006.0,16.738122795295123,35.86450129562061,49.58173390461269,P_Contd,P_Contd,P_Contd,29.98,12.33,16.03,370.0,20.84
쌍용C&E,2022,3324252823811.0,1744378391775.0,1579874432036.0,1329446840591.0,132736708315.0,144326673778.0,5.721868135847916,-26.358648761979435,-21.84281242788304,P_Contd,P_Contd,P_Contd,24.19,9.77,12.14,254.0,22.68
한온시스템,2017,2879446244881.0,1151086198117.0,1728360046764.0,2448738296040.0,204118519355.0,227205929521.0,0.0,0.0,0.0,P,P,P,30.79,14.53,19.0,541.0,25.69
한온시스템,2018,3518374752227.0,1981826132403.0,1536548619824.0,2604670991036.0,61836542323.0,17594610012.0,4.969345036534697,20.23448761404348,12.233047277251128,P_Contd,P_Contd,P_Contd,26.61,14.98,18.97,520.0,20.77
한온시스템,2019,4417199126048.0,2980470081657.0,1436729044391.0,2668852091021.0,121065691800.0,67428850629.0,-10.085108655904586,-209.59435757549008,-113.73305961191593,P_Contd,P_Contd,P_Contd,21.54,7.1,8.63,597.0,18.68
한온시스템,2020,4814754096054.0,3511775039451.0,1302979056603.0,2680084687965.0,56604576731.0,-23055699634.0,6.937796507031208,31.20968426588971,1.6759186572823677,P_Contd,P_Contd,L_Turned,25.28,6.8,8.52,207.0,78.5
한온시스템,2021,4701205491310.0,3556511847392.0,1144693643918.0,2860878991599.0,42988278189.0,71348986924.0,16.738122795295123,35.86450129562061,49.58173390461269,P_Contd,P_Contd,P_Turned,29.98,12.33,16.03,578.0,23.27
한온시스템,2022,5018097517132.0,4152696246328.0,865401270804.0,3202875799921.0,-8710688060.0,-92007648402.0,5.721868135847916,-26.358648761979435,-21.84281242788304,P_Contd,L_Turned,L_Turned,24.19,9.77,12.14,38.0,212.89
현대해상,2017,,,,,,,,,,,,,,,,,
현대해상,2018,,,,,,,,,,,,,,,,,
현대해상,2019,,,,,,,,,,,,,,,,,
현대해상,2020,,,,,,,,,,,,,,,,,
현대해상,2021,,,,,,,,,,,,,,,,,
현대해상,2022,,,,,,,,,,,,,,,,,
