Company_Name,Year,Revenue_Increase_Rate,Operating_Income(added)_Increase_Rate,Net_Income(added)_Increase_Rate,Revenue_Profit_Status,Operating_Income(added)_Profit_Status,Net_Income(added)_Profit_Status,Debt_Equity_Ratio,ROA,ROE,EPS,PER,Current_Stock,Future_Stock
삼성전자,2017,0.0,0.0,0.0,P,P,P,30.79,14.53,19.0,5997.0,8.5,50960.0,38700.0
삼성전자,2018,4.969345036534697,20.23448761404348,12.233047277251128,P_Contd,P_Contd,P_Contd,26.61,14.98,18.97,6461.0,5.99,38700.0,55800.0
삼성전자,2019,-10.085108655904586,-209.59435757549008,-113.73305961191592,P_Contd,P_Contd,P_Contd,21.54,7.1,8.63,3166.0,17.62,55800.0,81000.0
삼성전자,2020,6.937796507031208,31.20968426588971,1.6759186572823677,P_Contd,P_Contd,P_Contd,25.28,6.8,8.52,3841.0,21.09,81000.0,78300.0
삼성전자,2021,16.738122795295123,35.86450129562061,49.58173390461269,P_Contd,P_Contd,P_Contd,29.98,12.33,16.03,5777.0,13.55,78300.0,55300.0
삼성전자,2022,5.721868135847916,-26.358648761979435,-21.84281242788304,P_Contd,P_Contd,P_Contd,24.19,9.77,12.14,8057.0,6.86,55300.0,0.0
SK하이닉스,2017,0.0,0.0,0.0,P,P,P,30.79,14.53,19.0,15073.0,5.08,76500.0,60500.0
SK하이닉스,2018,4.969345036534697,20.23448761404348,12.233047277251128,P_Contd,P_Contd,P_Contd,26.61,14.98,18.97,22255.0,2.72,60500.0,94100.0
SK하이닉스,2019,-10.085108655904586,-209.59435757549008,-113.73305961191592,P_Contd,P_Contd,P_Contd,21.54,7.1,8.63,2943.0,31.97,94100.0,118500.0
SK하이닉스,2020,6.937796507031208,31.20968426588971,1.6759186572823677,P_Contd,P_Contd,P_Contd,25.28,6.8,8.52,6952.0,17.05,118500.0,131000.0
SK하이닉스,2021,16.738122795295123,35.86450129562061,49.58173390461269,P_Contd,P_Contd,P_Contd,29.98,12.33,16.03,13989.0,9.36,131000.0,75000.0
SK하이닉스,2022,5.721868135847916,-26.358648761979435,-21.84281242788304,P_Contd,P_Contd,P_Contd,24.19,9.77,12.14,3242.0,23.13,75000.0,0.0
LG에너지솔루션,2017,,,,,,,,,,,,,
LG에너지솔루션,2018,,,,,,,,,,,,,
LG에너지솔루션,2019,,,,,,,,,,,,,
LG에너지솔루션,2020,,,,,,,,,,,,,
LG에너지솔루션,2021,,,,,,,,,,,,,
LG에너지솔루션,2022,,,,,,,,,,,,,
삼성바이오로직스,2017,0.0,0.0,0.0,P,P,L,30.79,14.53,19.0,-1466.0,-250.11,366658.0,381977.0
삼성바이오로직스,2018,4.969345036534697,20.23448761404348,12.233047277251128,P_Contd,P_Contd,P_Turned,26.61,14.98,18.97,3387.0,112.78,381977.0,427932.0
삼성바이오로직스,2019,-10.085108655904586,-209.59435757549008,-113.73305961191592,P_Contd,P_Contd,P_Contd,21.54,7.1,8.63,3067.0,139.53,427932.0,816333.0
삼성바이오로직스,2020,6.937796507031208,31.20968426588971,1.6759186572823677,P_Contd,P_Contd,P_Contd,25.28,6.8,8.52,3642.0,224.14,816333.0,892432.0
삼성바이오로직스,2021,16.738122795295123,35.86450129562061,49.58173390461269,P_Contd,P_Contd,P_Contd,29.98,12.33,16.03,5949.0,150.01,892432.0,821000.0
삼성바이오로직스,2022,5.721868135847916,-26.358648761979435,-21.84281242788304,P_Contd,P_Contd,P_Contd,24.19,9.77,12.14,11442.0,71.75,821000.0,0.0
현대차,2017,0.0,0.0,0.0,P,P,P,30.79,14.53,19.0,14993.0,10.4,156000.0,118500.0
현대차,2018,4.969345036534697,20.23448761404348,12.233047277251128,P_Contd,L_Turned,P_Contd,26.61,14.98,18.97,5632.0,21.04,118500.0,120500.0
현대차,2019,-10.085108655904586,-209.59435757549008,-113.73305961191592,P_Contd,P_Turned,P_Contd,21.54,7.1,8.63,11310.0,10.65,120500.0,192000.0
현대차,2020,6.937796507031208,31.20968426588971,1.6759186572823677,P_Contd,P_Contd,P_Contd,25.28,6.8,8.52,5454.0,35.2,192000.0,209000.0
현대차,2021,16.738122795295123,35.86450129562061,49.58173390461269,P_Contd,P_Contd,P_Contd,29.98,12.33,16.03,18979.0,11.01,209000.0,151000.0
현대차,2022,5.721868135847916,-26.358648761979435,-21.84281242788304,P_Contd,P_Contd,P_Contd,24.19,9.77,12.14,28521.0,5.29,151000.0,0.0
삼성전자우,2017,,,,,,,,,,,,41800.0,31750.0
삼성전자우,2018,,,,,,,,,,,,31750.0,45400.0
삼성전자우,2019,,,,,,,,,,,,45400.0,73600.0
삼성전자우,2020,,,,,,,,,,,,73600.0,71200.0
삼성전자우,2021,,,,,,,,,,,,71200.0,50500.0
삼성전자우,2022,,,,,,,,,,,,50500.0,0.0
기아,2017,0.0,0.0,0.0,P,P,P,30.79,14.53,19.0,2414.0,13.88,33500.0,33700.0
기아,2018,4.969345036534697,20.23448761404348,12.233047277251128,P_Contd,P_Contd,P_Contd,26.61,14.98,18.97,2883.0,11.69,33700.0,44300.0
기아,2019,-10.085108655904586,-209.59435757549008,-113.73305961191592,P_Contd,P_Contd,P_Contd,21.54,7.1,8.63,4556.0,9.72,44300.0,62400.0
기아,2020,6.937796507031208,31.20968426588971,1.6759186572823677,P_Contd,P_Contd,P_Contd,25.28,6.8,8.52,3710.0,16.82,62400.0,82200.0
기아,2021,16.738122795295123,35.86450129562061,49.58173390461269,P_Contd,P_Contd,P_Contd,29.98,12.33,16.03,11874.0,6.92,82200.0,59300.0
기아,2022,5.721868135847916,-26.358648761979435,-21.84281242788304,P_Contd,P_Contd,P_Contd,24.19,9.77,12.14,13495.0,4.39,59300.0,0.0
셀트리온,2017,0.0,0.0,0.0,P,P,P,30.79,14.53,19.0,2898.0,70.31,203744.0,197310.0
셀트리온,2018,4.969345036534697,20.23448761404348,12.233047277251128,P_Contd,P_Contd,P_Contd,26.61,14.98,18.97,1932.0,102.13,197310.0,168046.0
셀트리온,2019,-10.085108655904586,-209.59435757549008,-113.73305961191592,P_Contd,P_Contd,P_Contd,21.54,7.1,8.63,2369.0,70.94,168046.0,339413.0
셀트리온,2020,6.937796507031208,31.20968426588971,1.6759186572823677,P_Contd,P_Contd,P_Contd,25.28,6.8,8.52,3855.0,88.04,339413.0,190729.0
셀트리온,2021,16.738122795295123,35.86450129562061,49.58173390461269,P_Contd,P_Contd,P_Contd,29.98,12.33,16.03,4160.0,45.85,190729.0,160500.0
셀트리온,2022,5.721868135847916,-26.358648761979435,-21.84281242788304,P_Contd,P_Contd,P_Contd,24.19,9.77,12.14,3894.0,41.22,160500.0,0.0
POSCO홀딩스,2017,0.0,0.0,0.0,P,P,P,30.79,14.53,19.0,34464.0,9.65,332500.0,243000.0
POSCO홀딩스,2018,4.969345036534697,20.23448761404348,12.233047277251128,P_Contd,P_Contd,P_Contd,26.61,14.98,18.97,20911.0,11.62,243000.0,236500.0
POSCO홀딩스,2019,-10.085108655904586,-209.59435757549008,-113.73305961191592,P_Contd,P_Contd,P_Contd,21.54,7.1,8.63,22823.0,10.36,236500.0,272000.0
POSCO홀딩스,2020,6.937796507031208,31.20968426588971,1.6759186572823677,L_Turned,P_Contd,P_Contd,25.28,6.8,8.52,20165.0,13.49,272000.0,274500.0
POSCO홀딩스,2021,16.738122795295123,35.86450129562061,49.58173390461269,L_Turned,P_Contd,P_Contd,29.98,12.33,16.03,87330.0,3.14,274500.0,276500.0
POSCO홀딩스,2022,5.721868135847916,-26.358648761979435,-21.84281242788304,L_Turned,P_Contd,L_Turned,24.19,9.77,12.14,41456.0,6.67,276500.0,0.0
NAVER,2017,0.0,0.0,0.0,P,P,P,30.79,14.53,19.0,26650.0,6.54,174247.0,122000.0
NAVER,2018,4.969345036534697,20.23448761404348,12.233047277251128,P_Contd,P_Contd,P_Contd,26.61,14.98,18.97,4403.0,27.71,122000.0,186500.0
NAVER,2019,-10.085108655904586,-209.59435757549008,-113.73305961191592,P_Contd,P_Contd,P_Contd,21.54,7.1,8.63,4031.0,46.27,186500.0,292500.0
NAVER,2020,6.937796507031208,31.20968426588971,1.6759186572823677,P_Contd,P_Contd,P_Contd,25.28,6.8,8.52,7857.0,37.23,292500.0,378500.0
NAVER,2021,16.738122795295123,35.86450129562061,49.58173390461269,P_Contd,P_Contd,P_Contd,29.98,12.33,16.03,9977.0,37.94,378500.0,177500.0
NAVER,2022,5.721868135847916,-26.358648761979435,-21.84281242788304,P_Contd,P_Contd,P_Contd,24.19,9.77,12.14,5007.0,35.45,177500.0,0.0
LG화학,2017,0.0,0.0,0.0,P,P,P,30.79,14.53,19.0,25367.0,15.97,405000.0,347000.0
LG화학,2018,4.969345036534697,20.23448761404348,12.233047277251128,P_Contd,P_Contd,P_Contd,26.61,14.98,18.97,19217.0,18.06,347000.0,317500.0
LG화학,2019,-10.085108655904586,-209.59435757549008,-113.73305961191592,P_Contd,P_Contd,P_Contd,21.54,7.1,8.63,4085.0,77.72,317500.0,824000.0
LG화학,2020,6.937796507031208,31.20968426588971,1.6759186572823677,P_Contd,P_Contd,L_Turned,25.28,6.8,8.52,6666.0,123.61,824000.0,615000.0
LG화학,2021,16.738122795295123,35.86450129562061,49.58173390461269,P_Contd,P_Contd,P_Turned,29.98,12.33,16.03,47108.0,13.06,615000.0,600000.0
LG화학,2022,5.721868135847916,-26.358648761979435,-21.84281242788304,P_Contd,P_Contd,P_Contd,24.19,9.77,12.14,23670.0,25.35,600000.0,0.0
삼성물산,2017,0.0,0.0,0.0,P,P,P,30.79,14.53,19.0,3879.0,32.48,126000.0,105500.0
삼성물산,2018,4.969345036534697,20.23448761404348,12.233047277251128,P_Contd,P_Contd,P_Contd,26.61,14.98,18.97,10384.0,10.16,105500.0,108500.0
삼성물산,2019,-10.085108655904586,-209.59435757549008,-113.73305961191592,P_Contd,P_Contd,P_Contd,21.54,7.1,8.63,6366.0,17.04,108500.0,138000.0
삼성물산,2020,6.937796507031208,31.20968426588971,1.6759186572823677,P_Contd,P_Contd,P_Contd,25.28,6.8,8.52,6278.0,21.98,138000.0,119000.0
삼성물산,2021,16.738122795295123,35.86450129562061,49.58173390461269,P_Contd,P_Contd,P_Contd,29.98,12.33,16.03,9913.0,12.0,119000.0,113500.0
삼성물산,2022,5.721868135847916,-26.358648761979435,-21.84281242788304,P_Contd,P_Contd,P_Contd,24.19,9.77,12.14,12460.0,9.11,113500.0,0.0
KB금융,2017,,,,,,,,,,,,63400.0,46500.0
KB금융,2018,,,,,,,,,,,,46500.0,47650.0
KB금융,2019,,,,,,,,,,,,47650.0,43400.0
KB금융,2020,,,,,,,,,,,,43400.0,55000.0
KB금융,2021,,,,,,,,,,,,55000.0,48500.0
KB금융,2022,,,,,,,,,,,,48500.0,0.0
삼성SDI,2017,0.0,0.0,0.0,P,P,P,30.79,14.53,19.0,9824.0,20.82,204500.0,219000.0
삼성SDI,2018,4.969345036534697,20.23448761404348,12.233047277251128,P_Contd,P_Contd,P_Contd,26.61,14.98,18.97,10484.0,20.89,219000.0,236000.0
삼성SDI,2019,-10.085108655904586,-209.59435757549008,-113.73305961191592,P_Contd,P_Contd,P_Contd,21.54,7.1,8.63,5331.0,44.27,236000.0,628000.0
삼성SDI,2020,6.937796507031208,31.20968426588971,1.6759186572823677,P_Contd,P_Contd,P_Contd,25.28,6.8,8.52,8593.0,73.08,628000.0,655000.0
삼성SDI,2021,16.738122795295123,35.86450129562061,49.58173390461269,P_Contd,P_Contd,P_Contd,29.98,12.33,16.03,17492.0,37.45,655000.0,591000.0
삼성SDI,2022,5.721868135847916,-26.358648761979435,-21.84281242788304,P_Contd,P_Contd,P_Contd,24.19,9.77,12.14,29191.0,20.25,591000.0,0.0
카카오,2017,0.0,0.0,0.0,L,P,P,30.79,14.53,19.0,1602.0,17.16,27498.0,20673.0
카카오,2018,4.969345036534697,20.23448761404348,12.233047277251128,L_Turned,P_Contd,P_Contd,26.61,14.98,18.97,623.0,33.18,20673.0,30810.0
카카오,2019,-10.085108655904586,-209.59435757549008,-113.73305961191592,L_Turned,P_Contd,L_Turned,21.54,7.1,8.63,-3776.0,-8.16,30810.0,78179.0
카카오,2020,6.937796507031208,31.20968426588971,1.6759186572823677,L_Turned,P_Contd,L_Contd,25.28,6.8,8.52,1838.0,42.53,78179.0,112500.0
카카오,2021,16.738122795295123,35.86450129562061,49.58173390461269,L_Turned,P_Contd,P_Turned,29.98,12.33,16.03,3221.0,34.93,112500.0,53100.0
카카오,2022,5.721868135847916,-26.358648761979435,-21.84281242788304,L_Turned,P_Contd,P_Contd,24.19,9.77,12.14,3106.0,17.1,53100.0,0.0
신한지주,2017,,,,,,,,,,,,49400.0,39600.0
신한지주,2018,,,,,,,,,,,,39600.0,43350.0
신한지주,2019,,,,,,,,,,,,43350.0,32050.0
신한지주,2020,,,,,,,,,,,,32050.0,36800.0
신한지주,2021,,,,,,,,,,,,36800.0,35200.0
신한지주,2022,,,,,,,,,,,,35200.0,0.0
포스코퓨처엠,2017,0.0,0.0,0.0,P,P,P,30.79,14.53,19.0,1753.0,21.31,37356.0,59789.0
포스코퓨처엠,2018,4.969345036534697,20.23448761404348,12.233047277251128,P_Contd,P_Contd,P_Contd,26.61,14.98,18.97,2237.0,26.73,59789.0,46226.0
포스코퓨처엠,2019,-10.085108655904586,-209.59435757549008,-113.73305961191592,P_Contd,P_Contd,P_Contd,21.54,7.1,8.63,1672.0,27.65,46226.0,104000.0
포스코퓨처엠,2020,6.937796507031208,31.20968426588971,1.6759186572823677,P_Contd,P_Contd,P_Contd,25.28,6.8,8.52,485.0,214.43,104000.0,144000.0
포스코퓨처엠,2021,16.738122795295123,35.86450129562061,49.58173390461269,P_Contd,P_Contd,P_Contd,29.98,12.33,16.03,1753.0,82.14,144000.0,180000.0
포스코퓨처엠,2022,5.721868135847916,-26.358648761979435,-21.84281242788304,P_Contd,P_Contd,P_Contd,24.19,9.77,12.14,1527.0,117.88,180000.0,0.0
현대모비스,2017,0.0,0.0,0.0,P,P,P,30.79,14.53,19.0,16558.0,15.88,263000.0,190000.0
현대모비스,2018,4.969345036534697,20.23448761404348,12.233047277251128,P_Contd,P_Contd,P_Contd,26.61,14.98,18.97,19944.0,9.53,190000.0,256000.0
현대모비스,2019,-10.085108655904586,-209.59435757549008,-113.73305961191592,P_Contd,P_Contd,P_Contd,21.54,7.1,8.63,24234.0,10.56,256000.0,255500.0
현대모비스,2020,6.937796507031208,31.20968426588971,1.6759186572823677,P_Contd,P_Contd,P_Contd,25.28,6.8,8.52,16389.0,15.59,255500.0,254500.0
현대모비스,2021,16.738122795295123,35.86450129562061,49.58173390461269,P_Contd,P_Contd,P_Contd,29.98,12.33,16.03,25645.0,9.92,254500.0,200500.0
현대모비스,2022,5.721868135847916,-26.358648761979435,-21.84281242788304,P_Contd,P_Contd,P_Contd,24.19,9.77,12.14,27163.0,7.38,200500.0,0.0
삼성생명,2017,,,,,,,,,,,,124500.0,81600.0
삼성생명,2018,,,,,,,,,,,,81600.0,74500.0
삼성생명,2019,,,,,,,,,,,,74500.0,79100.0
삼성생명,2020,,,,,,,,,,,,79100.0,64100.0
삼성생명,2021,,,,,,,,,,,,64100.0,71000.0
삼성생명,2022,,,,,,,,,,,,71000.0,0.0
하나금융지주,2017,,,,,,,,,,,,49800.0,36250.0
하나금융지주,2018,,,,,,,,,,,,36250.0,36900.0
하나금융지주,2019,,,,,,,,,,,,36900.0,34500.0
하나금융지주,2020,,,,,,,,,,,,34500.0,42050.0
하나금융지주,2021,,,,,,,,,,,,42050.0,42050.0
하나금융지주,2022,,,,,,,,,,,,42050.0,0.0
LG전자,2017,0.0,0.0,0.0,P,P,P,30.79,14.53,19.0,9579.0,11.07,106000.0,62300.0
LG전자,2018,4.969345036534697,20.23448761404348,12.233047277251128,P_Contd,P_Contd,L_Turned,26.61,14.98,18.97,6882.0,9.05,62300.0,72100.0
LG전자,2019,-10.085108655904586,-209.59435757549008,-113.73305961191592,P_Contd,P_Contd,L_Contd,21.54,7.1,8.63,169.0,426.63,72100.0,135000.0
LG전자,2020,6.937796507031208,31.20968426588971,1.6759186572823677,P_Contd,P_Contd,P_Turned,25.28,6.8,8.52,10926.0,12.36,135000.0,138000.0
LG전자,2021,16.738122795295123,35.86450129562061,49.58173390461269,P_Contd,P_Contd,L_Turned,29.98,12.33,16.03,5725.0,24.1,138000.0,86500.0
LG전자,2022,5.721868135847916,-26.358648761979435,-21.84281242788304,P_Contd,P_Contd,P_Turned,24.19,9.77,12.14,6640.0,13.03,86500.0,0.0
삼성화재,2017,,,,,,,,,,,,267000.0,269000.0
삼성화재,2018,,,,,,,,,,,,269000.0,243500.0
삼성화재,2019,,,,,,,,,,,,243500.0,187500.0
삼성화재,2020,,,,,,,,,,,,187500.0,202000.0
삼성화재,2021,,,,,,,,,,,,202000.0,200000.0
삼성화재,2022,,,,,,,,,,,,200000.0,0.0
LG,2017,0.0,0.0,0.0,P,P,P,30.79,14.53,19.0,13630.0,6.31,85964.0,66032.0
LG,2018,4.969345036534697,20.23448761404348,12.233047277251128,P_Contd,P_Contd,P_Contd,26.61,14.98,18.97,10603.0,6.23,66032.0,69716.0
LG,2019,-10.085108655904586,-209.59435757549008,-113.73305961191592,P_Contd,P_Contd,P_Contd,21.54,7.1,8.63,6143.0,11.35,69716.0,82658.0
LG,2020,6.937796507031208,31.20968426588971,1.6759186572823677,P_Contd,P_Contd,P_Contd,25.28,6.8,8.52,8338.0,9.91,82658.0,80900.0
LG,2021,16.738122795295123,35.86450129562061,49.58173390461269,P_Contd,P_Contd,P_Contd,29.98,12.33,16.03,15504.0,5.22,80900.0,78100.0
LG,2022,5.721868135847916,-26.358648761979435,-21.84281242788304,P_Contd,P_Contd,P_Contd,24.19,9.77,12.14,12422.0,6.29,78100.0,0.0
메리츠금융지주,2017,,,,,,,,,,,,15050.0,11550.0
메리츠금융지주,2018,,,,,,,,,,,,11550.0,11800.0
메리츠금융지주,2019,,,,,,,,,,,,11800.0,9810.0
메리츠금융지주,2020,,,,,,,,,,,,9810.0,44000.0
메리츠금융지주,2021,,,,,,,,,,,,44000.0,42700.0
메리츠금융지주,2022,,,,,,,,,,,,42700.0,0.0
SK,2017,0.0,0.0,0.0,P,P,P,30.79,14.53,19.0,30007.0,9.43,283000.0,260000.0
SK,2018,4.969345036534697,20.23448761404348,12.233047277251128,P_Contd,P_Contd,P_Contd,26.61,14.98,18.97,40310.0,6.45,260000.0,262000.0
SK,2019,-10.085108655904586,-209.59435757549008,-113.73305961191592,P_Contd,P_Contd,P_Contd,21.54,7.1,8.63,12917.0,20.28,262000.0,240500.0
SK,2020,6.937796507031208,31.20968426588971,1.6759186572823677,P_Contd,P_Contd,P_Contd,25.28,6.8,8.52,3544.0,67.86,240500.0,251000.0
SK,2021,16.738122795295123,35.86450129562061,49.58173390461269,P_Contd,P_Contd,P_Contd,29.98,12.33,16.03,37321.0,6.73,251000.0,189000.0
SK,2022,5.721868135847916,-26.358648761979435,-21.84281242788304,P_Contd,P_Contd,P_Contd,24.19,9.77,12.14,19547.0,9.67,189000.0,0.0
카카오뱅크,2017,,,,,,,,,,,,,
카카오뱅크,2018,,,,,,,,,,,,,
카카오뱅크,2019,,,,,,,,,,,,,
카카오뱅크,2020,,,,,,,,,,,,,
카카오뱅크,2021,,,,,,,,,,,,,
카카오뱅크,2022,,,,,,,,,,,,,
한국전력,2017,0.0,0.0,0.0,P,P,P,30.79,14.53,19.0,2023.0,18.86,38150.0,33100.0
한국전력,2018,4.969345036534697,20.23448761404348,12.233047277251128,P_Contd,L_Turned,L_Turned,26.61,14.98,18.97,-2048.0,-16.16,33100.0,27800.0
한국전력,2019,-10.085108655904586,-209.59435757549008,-113.73305961191592,P_Contd,L_Contd,L_Contd,21.54,7.1,8.63,-3654.0,-7.61,27800.0,27400.0
한국전력,2020,6.937796507031208,31.20968426588971,1.6759186572823677,P_Contd,P_Turned,P_Turned,25.28,6.8,8.52,3102.0,8.83,27400.0,22100.0
한국전력,2021,16.738122795295123,35.86450129562061,49.58173390461269,P_Contd,L_Turned,L_Turned,29.98,12.33,16.03,-8263.0,-2.67,22100.0,21800.0
한국전력,2022,5.721868135847916,-26.358648761979435,-21.84281242788304,P_Contd,L_Contd,L_Contd,24.19,9.77,12.14,-38112.0,-0.57,21800.0,0.0
HMM,2017,0.0,0.0,0.0,P,L,L,30.79,14.53,19.0,-6219.0,-0.81,5020.0,3695.0
HMM,2018,4.969345036534697,20.23448761404348,12.233047277251128,P_Contd,L_Contd,L_Contd,26.61,14.98,18.97,-4139.0,-0.89,3695.0,3550.0
HMM,2019,-10.085108655904586,-209.59435757549008,-113.73305961191592,P_Contd,L_Contd,L_Contd,21.54,7.1,8.63,-3353.0,-1.06,3550.0,13950.0
HMM,2020,6.937796507031208,31.20968426588971,1.6759186572823677,P_Contd,P_Turned,P_Turned,25.28,6.8,8.52,103.0,135.44,13950.0,26900.0
HMM,2021,16.738122795295123,35.86450129562061,49.58173390461269,P_Contd,P_Contd,P_Contd,29.98,12.33,16.03,13506.0,1.99,26900.0,19550.0
HMM,2022,5.721868135847916,-26.358648761979435,-21.84281242788304,P_Contd,P_Contd,P_Contd,24.19,9.77,12.14,20556.0,0.95,19550.0,0.0
SK이노베이션,2017,0.0,0.0,0.0,P,P,P,30.79,14.53,19.0,22563.0,8.92,201218.0,176619.0
SK이노베이션,2018,4.969345036534697,20.23448761404348,12.233047277251128,P_Contd,P_Contd,P_Contd,26.61,14.98,18.97,18264.0,9.67,176619.0,147592.0
SK이노베이션,2019,-10.085108655904586,-209.59435757549008,-113.73305961191592,P_Contd,P_Contd,P_Contd,21.54,7.1,8.63,-434.0,-340.07,147592.0,186950.0
SK이노베이션,2020,6.937796507031208,31.20968426588971,1.6759186572823677,P_Contd,P_Contd,P_Contd,25.28,6.8,8.52,-25729.0,-7.27,186950.0,234672.0
SK이노베이션,2021,16.738122795295123,35.86450129562061,49.58173390461269,P_Contd,P_Contd,P_Contd,29.98,12.33,16.03,3491.0,67.22,234672.0,151528.0
SK이노베이션,2022,5.721868135847916,-26.358648761979435,-21.84281242788304,P_Contd,P_Contd,P_Contd,24.19,9.77,12.14,18511.0,8.19,151528.0,0.0
KT&G,2017,0.0,0.0,0.0,P,P,P,30.79,14.53,19.0,9591.0,12.04,115500.0,101500.0
KT&G,2018,4.969345036534697,20.23448761404348,12.233047277251128,P_Contd,P_Contd,P_Contd,26.61,14.98,18.97,7178.0,14.14,101500.0,93800.0
KT&G,2019,-10.085108655904586,-209.59435757549008,-113.73305961191592,P_Contd,P_Contd,P_Contd,21.54,7.1,8.63,8196.0,11.44,93800.0,83100.0
KT&G,2020,6.937796507031208,31.20968426588971,1.6759186572823677,P_Contd,P_Contd,P_Contd,25.28,6.8,8.52,9320.0,8.92,83100.0,79000.0
KT&G,2021,16.738122795295123,35.86450129562061,49.58173390461269,P_Contd,P_Contd,P_Contd,29.98,12.33,16.03,7898.0,10.0,79000.0,91500.0
KT&G,2022,5.721868135847916,-26.358648761979435,-21.84281242788304,P_Contd,P_Contd,P_Contd,24.19,9.77,12.14,8489.0,10.78,91500.0,0.0
에코프로머티,2017,,,,,,,,,,,,,
에코프로머티,2018,,,,,,,,,,,,,
에코프로머티,2019,,,,,,,,,,,,,
에코프로머티,2020,,,,,,,,,,,,,
에코프로머티,2021,,,,,,,,,,,,,
에코프로머티,2022,,,,,,,,,,,,,
삼성에스디에스,2017,0.0,0.0,0.0,P,P,P,30.79,14.53,19.0,6856.0,29.17,200000.0,204000.0
삼성에스디에스,2018,4.969345036534697,20.23448761404348,12.233047277251128,P_Contd,P_Contd,P_Contd,26.61,14.98,18.97,8137.0,25.07,204000.0,194500.0
삼성에스디에스,2019,-10.085108655904586,-209.59435757549008,-113.73305961191592,P_Contd,P_Contd,P_Contd,21.54,7.1,8.63,9521.0,20.43,194500.0,178500.0
삼성에스디에스,2020,6.937796507031208,31.20968426588971,1.6759186572823677,P_Contd,P_Contd,P_Contd,25.28,6.8,8.52,5733.0,31.14,178500.0,156500.0
삼성에스디에스,2021,16.738122795295123,35.86450129562061,49.58173390461269,P_Contd,P_Contd,P_Contd,29.98,12.33,16.03,7901.0,19.81,156500.0,123000.0
삼성에스디에스,2022,5.721868135847916,-26.358648761979435,-21.84281242788304,P_Contd,P_Contd,P_Contd,24.19,9.77,12.14,14218.0,8.65,123000.0,0.0
SK텔레콤,2017,0.0,0.0,0.0,P,P,P,30.79,14.53,19.0,36582.0,1.26,46067.0,46499.0
SK텔레콤,2018,4.969345036534697,20.23448761404348,12.233047277251128,P_Contd,P_Contd,P_Contd,26.61,14.98,18.97,44066.0,1.06,46499.0,41064.0
SK텔레콤,2019,-10.085108655904586,-209.59435757549008,-113.73305961191592,P_Contd,P_Contd,P_Contd,21.54,7.1,8.63,12144.0,3.38,41064.0,41064.0
SK텔레콤,2020,6.937796507031208,31.20968426588971,1.6759186572823677,P_Contd,P_Contd,P_Contd,25.28,6.8,8.52,20463.0,2.01,41064.0,57900.0
SK텔레콤,2021,16.738122795295123,35.86450129562061,49.58173390461269,P_Contd,P_Contd,P_Contd,29.98,12.33,16.03,7191.0,8.05,57900.0,47400.0
SK텔레콤,2022,5.721868135847916,-26.358648761979435,-21.84281242788304,P_Contd,P_Contd,P_Contd,24.19,9.77,12.14,4118.0,11.51,47400.0,0.0
우리금융지주,2017,,,,,,,,,,,,,
우리금융지주,2018,,,,,,,,,,,,,
우리금융지주,2019,,,,,,,,,,,,,
우리금융지주,2020,,,,,,,,,,,,,
우리금융지주,2021,,,,,,,,,,,,,
우리금융지주,2022,,,,,,,,,,,,,
기업은행,2017,,,,,,,,,,,,16450.0,14050.0
기업은행,2018,,,,,,,,,,,,14050.0,11800.0
기업은행,2019,,,,,,,,,,,,11800.0,8840.0
기업은행,2020,,,,,,,,,,,,8840.0,10300.0
기업은행,2021,,,,,,,,,,,,10300.0,9820.0
기업은행,2022,,,,,,,,,,,,9820.0,0.0
삼성전기,2017,0.0,0.0,0.0,P,L,L,30.79,14.53,19.0,2139.0,46.75,100000.0,103500.0
삼성전기,2018,4.969345036534697,20.23448761404348,12.233047277251128,P_Contd,P_Turned,P_Turned,26.61,14.98,18.97,8685.0,11.92,103500.0,125000.0
삼성전기,2019,-10.085108655904586,-209.59435757549008,-113.73305961191592,P_Contd,P_Contd,P_Contd,21.54,7.1,8.63,6806.0,18.37,125000.0,178000.0
삼성전기,2020,6.937796507031208,31.20968426588971,1.6759186572823677,P_Contd,P_Contd,P_Contd,25.28,6.8,8.52,7993.0,22.27,178000.0,197500.0
삼성전기,2021,16.738122795295123,35.86450129562061,49.58173390461269,P_Contd,P_Contd,P_Contd,29.98,12.33,16.03,11811.0,16.72,197500.0,130500.0
삼성전기,2022,5.721868135847916,-26.358648761979435,-21.84281242788304,P_Contd,P_Contd,P_Contd,24.19,9.77,12.14,12977.0,10.06,130500.0,0.0
크래프톤,2017,,,,,,,,,,,,,
크래프톤,2018,,,,,,,,,,,,,
크래프톤,2019,,,,,,,,,,,,,
크래프톤,2020,,,,,,,,,,,,,
크래프톤,2021,,,,,,,,,,,,,
크래프톤,2022,,,,,,,,,,,,,
두산에너빌리티,2017,0.0,0.0,0.0,P,P,P,30.79,14.53,19.0,-2908.0,-4.04,11744.0,7445.0
두산에너빌리티,2018,4.969345036534697,20.23448761404348,12.233047277251128,P_Contd,P_Contd,L_Turned,26.61,14.98,18.97,-4807.0,-1.55,7445.0,5071.0
두산에너빌리티,2019,-10.085108655904586,-209.59435757549008,-113.73305961191592,P_Contd,P_Contd,L_Contd,21.54,7.1,8.63,-2620.0,-1.94,5071.0,13030.0
두산에너빌리티,2020,6.937796507031208,31.20968426588971,1.6759186572823677,P_Contd,L_Turned,L_Contd,25.28,6.8,8.52,-4279.0,-3.05,13030.0,20400.0
두산에너빌리티,2021,16.738122795295123,35.86450129562061,49.58173390461269,P_Contd,P_Turned,P_Turned,29.98,12.33,16.03,1090.0,18.72,20400.0,15400.0
두산에너빌리티,2022,5.721868135847916,-26.358648761979435,-21.84281242788304,P_Contd,P_Contd,L_Turned,24.19,9.77,12.14,-1249.0,-12.33,15400.0,0.0
HD현대중공업,2017,,,,,,,,,,,,,
HD현대중공업,2018,,,,,,,,,,,,,
HD현대중공업,2019,,,,,,,,,,,,,
HD현대중공업,2020,,,,,,,,,,,,,
HD현대중공업,2021,,,,,,,,,,,,,
HD현대중공업,2022,,,,,,,,,,,,,
포스코인터내셔널,2017,0.0,0.0,0.0,P,P,P,30.79,14.53,19.0,1444.0,12.57,18150.0,18200.0
포스코인터내셔널,2018,4.969345036534697,20.23448761404348,12.233047277251128,P_Contd,P_Contd,P_Contd,26.61,14.98,18.97,1258.0,14.47,18200.0,18650.0
포스코인터내셔널,2019,-10.085108655904586,-209.59435757549008,-113.73305961191592,P_Contd,P_Contd,P_Contd,21.54,7.1,8.63,1697.0,10.99,18650.0,14550.0
포스코인터내셔널,2020,6.937796507031208,31.20968426588971,1.6759186572823677,P_Contd,P_Contd,P_Contd,25.28,6.8,8.52,1934.0,7.52,14550.0,22450.0
포스코인터내셔널,2021,16.738122795295123,35.86450129562061,49.58173390461269,P_Contd,P_Contd,P_Contd,29.98,12.33,16.03,2924.0,7.68,22450.0,22600.0
포스코인터내셔널,2022,5.721868135847916,-26.358648761979435,-21.84281242788304,P_Contd,P_Contd,P_Contd,24.19,9.77,12.14,4780.0,4.73,22600.0,0.0
고려아연,2017,0.0,0.0,0.0,P,P,P,30.79,14.53,19.0,35591.0,13.85,493000.0,432500.0
고려아연,2018,4.969345036534697,20.23448761404348,12.233047277251128,P_Contd,P_Contd,P_Contd,26.61,14.98,18.97,29841.0,14.49,432500.0,425000.0
고려아연,2019,-10.085108655904586,-209.59435757549008,-113.73305961191592,P_Contd,P_Contd,P_Contd,21.54,7.1,8.63,35811.0,11.87,425000.0,401500.0
고려아연,2020,6.937796507031208,31.20968426588971,1.6759186572823677,P_Contd,P_Contd,P_Contd,25.28,6.8,8.52,32418.0,12.39,401500.0,511000.0
고려아연,2021,16.738122795295123,35.86450129562061,49.58173390461269,P_Contd,P_Contd,P_Contd,29.98,12.33,16.03,45648.0,11.19,511000.0,564000.0
고려아연,2022,5.721868135847916,-26.358648761979435,-21.84281242788304,P_Contd,P_Contd,P_Contd,24.19,9.77,12.14,42967.0,13.13,564000.0,0.0
KT,2017,0.0,0.0,0.0,P,P,P,30.79,14.53,19.0,1946.0,15.54,30250.0,29800.0
KT,2018,4.969345036534697,20.23448761404348,12.233047277251128,P_Contd,P_Contd,P_Contd,26.61,14.98,18.97,2809.0,10.61,29800.0,27000.0
KT,2019,-10.085108655904586,-209.59435757549008,-113.73305961191592,P_Contd,P_Contd,P_Contd,21.54,7.1,8.63,2526.0,10.69,27000.0,24000.0
KT,2020,6.937796507031208,31.20968426588971,1.6759186572823677,P_Contd,P_Contd,P_Contd,25.28,6.8,8.52,2684.0,8.94,24000.0,30600.0
KT,2021,16.738122795295123,35.86450129562061,49.58173390461269,P_Contd,P_Contd,P_Contd,29.98,12.33,16.03,5759.0,5.31,30600.0,33800.0
KT,2022,5.721868135847916,-26.358648761979435,-21.84281242788304,P_Contd,P_Contd,P_Contd,24.19,9.77,12.14,5209.0,6.49,33800.0,0.0
포스코DX,2017,0.0,0.0,0.0,P,P,P,30.79,14.53,19.0,276.0,30.25,8350.0,5210.0
포스코DX,2018,4.969345036534697,20.23448761404348,12.233047277251128,P_Contd,P_Contd,L_Turned,26.61,14.98,18.97,-225.0,-23.16,5210.0,5290.0
포스코DX,2019,-10.085108655904586,-209.59435757549008,-113.73305961191592,P_Contd,P_Contd,P_Turned,21.54,7.1,8.63,258.0,20.5,5290.0,7750.0
포스코DX,2020,6.937796507031208,31.20968426588971,1.6759186572823677,P_Contd,P_Contd,P_Contd,25.28,6.8,8.52,57.0,135.96,7750.0,6560.0
포스코DX,2021,16.738122795295123,35.86450129562061,49.58173390461269,P_Contd,L_Turned,L_Turned,29.98,12.33,16.03,-94.0,-69.79,6560.0,6250.0
포스코DX,2022,5.721868135847916,-26.358648761979435,-21.84281242788304,P_Contd,P_Turned,P_Turned,24.19,9.77,12.14,300.0,20.83,6250.0,0.0
SK스퀘어,2017,,,,,,,,,,,,,
SK스퀘어,2018,,,,,,,,,,,,,
SK스퀘어,2019,,,,,,,,,,,,,
SK스퀘어,2020,,,,,,,,,,,,,
SK스퀘어,2021,,,,,,,,,,,,,
SK스퀘어,2022,,,,,,,,,,,,,
HD한국조선해양,2017,0.0,0.0,0.0,P,P,P,30.79,14.53,19.0,44798.0,2.14,95948.0,128500.0
HD한국조선해양,2018,4.969345036534697,20.23448761404348,12.233047277251128,P_Contd,L_Turned,L_Turned,26.61,14.98,18.97,-7855.0,-16.36,128500.0,126500.0
HD한국조선해양,2019,-10.085108655904586,-209.59435757549008,-113.73305961191592,P_Contd,P_Turned,L_Contd,21.54,7.1,8.63,2183.0,57.95,126500.0,108500.0
HD한국조선해양,2020,6.937796507031208,31.20968426588971,1.6759186572823677,P_Contd,L_Turned,L_Contd,25.28,6.8,8.52,-11791.0,-9.2,108500.0,94600.0
HD한국조선해양,2021,16.738122795295123,35.86450129562061,49.58173390461269,P_Contd,P_Turned,P_Turned,29.98,12.33,16.03,-13142.0,-7.2,94600.0,70700.0
HD한국조선해양,2022,5.721868135847916,-26.358648761979435,-21.84281242788304,P_Contd,L_Turned,P_Contd,24.19,9.77,12.14,-3068.0,-23.04,70700.0,0.0
대한항공,2017,0.0,0.0,0.0,P,P,P,30.79,14.53,19.0,8946.0,2.45,21949.0,21430.0
대한항공,2018,4.969345036534697,20.23448761404348,12.233047277251128,P_Contd,P_Contd,L_Turned,26.61,14.98,18.97,-1756.0,-12.2,21430.0,18480.0
대한항공,2019,-10.085108655904586,-209.59435757549008,-113.73305961191592,P_Contd,P_Contd,L_Contd,21.54,7.1,8.63,-6557.0,-2.82,18480.0,21091.0
대한항공,2020,6.937796507031208,31.20968426588971,1.6759186572823677,P_Contd,P_Contd,L_Contd,25.28,6.8,8.52,-1675.0,-12.59,21091.0,29350.0
대한항공,2021,16.738122795295123,35.86450129562061,49.58173390461269,P_Contd,P_Contd,P_Turned,29.98,12.33,16.03,1743.0,16.84,29350.0,22950.0
대한항공,2022,5.721868135847916,-26.358648761979435,-21.84281242788304,P_Contd,P_Contd,P_Contd,24.19,9.77,12.14,4787.0,4.79,22950.0,0.0
하이브,2017,,,,,,,,,,,,,
하이브,2018,,,,,,,,,,,,,
하이브,2019,,,,,,,,,,,,,
하이브,2020,,,,,,,,,,,,,
하이브,2021,,,,,,,,,,,,,
하이브,2022,,,,,,,,,,,,,
S-Oil,2017,0.0,0.0,0.0,P,P,P,30.79,14.53,19.0,10706.0,10.93,117000.0,97700.0
S-Oil,2018,4.969345036534697,20.23448761404348,12.233047277251128,P_Contd,P_Contd,P_Contd,26.61,14.98,18.97,2216.0,44.09,97700.0,95300.0
S-Oil,2019,-10.085108655904586,-209.59435757549008,-113.73305961191592,P_Contd,P_Contd,P_Contd,21.54,7.1,8.63,561.0,169.88,95300.0,69200.0
S-Oil,2020,6.937796507031208,31.20968426588971,1.6759186572823677,P_Contd,L_Turned,L_Turned,25.28,6.8,8.52,-6839.0,-10.12,69200.0,85700.0
S-Oil,2021,16.738122795295123,35.86450129562061,49.58173390461269,P_Contd,P_Turned,P_Turned,29.98,12.33,16.03,11840.0,7.24,85700.0,83400.0
S-Oil,2022,5.721868135847916,-26.358648761979435,-21.84281242788304,P_Contd,P_Contd,P_Contd,24.19,9.77,12.14,18075.0,4.61,83400.0,0.0
한미반도체,2017,0.0,0.0,0.0,P,P,P,30.79,14.53,19.0,185.0,32.03,5925.0,3890.0
한미반도체,2018,4.969345036534697,20.23448761404348,12.233047277251128,P_Contd,P_Contd,P_Contd,26.61,14.98,18.97,966.0,4.03,3890.0,4050.0
한미반도체,2019,-10.085108655904586,-209.59435757549008,-113.73305961191592,P_Contd,P_Contd,P_Contd,21.54,7.1,8.63,383.0,10.57,4050.0,9050.0
한미반도체,2020,6.937796507031208,31.20968426588971,1.6759186572823677,P_Contd,P_Contd,P_Contd,25.28,6.8,8.52,502.0,18.03,9050.0,18925.0
한미반도체,2021,16.738122795295123,35.86450129562061,49.58173390461269,P_Contd,P_Contd,P_Contd,29.98,12.33,16.03,1057.0,17.9,18925.0,11500.0
한미반도체,2022,5.721868135847916,-26.358648761979435,-21.84281242788304,P_Contd,P_Contd,P_Contd,24.19,9.77,12.14,939.0,12.25,11500.0,0.0
아모레퍼시픽,2017,0.0,0.0,0.0,P,P,P,30.79,14.53,19.0,5711.0,53.32,304500.0,209500.0
아모레퍼시픽,2018,4.969345036534697,20.23448761404348,12.233047277251128,P_Contd,P_Contd,P_Contd,26.61,14.98,18.97,4815.0,43.51,209500.0,200000.0
아모레퍼시픽,2019,-10.085108655904586,-209.59435757549008,-113.73305961191592,P_Contd,P_Contd,P_Contd,21.54,7.1,8.63,3477.0,57.52,200000.0,206000.0
아모레퍼시픽,2020,6.937796507031208,31.20968426588971,1.6759186572823677,P_Contd,P_Contd,P_Contd,25.28,6.8,8.52,512.0,402.34,206000.0,167000.0
아모레퍼시픽,2021,16.738122795295123,35.86450129562061,49.58173390461269,P_Contd,P_Contd,P_Contd,29.98,12.33,16.03,2820.0,59.22,167000.0,137500.0
아모레퍼시픽,2022,5.721868135847916,-26.358648761979435,-21.84281242788304,P_Contd,P_Contd,P_Contd,24.19,9.77,12.14,1949.0,70.55,137500.0,0.0
한화오션,2017,0.0,0.0,0.0,P,P,P,30.79,14.53,19.0,7141.0,1.73,12349.0,30339.0
한화오션,2018,4.969345036534697,20.23448761404348,12.233047277251128,P_Contd,P_Contd,P_Contd,26.61,14.98,18.97,2998.0,10.12,30339.0,24742.0
한화오션,2019,-10.085108655904586,-209.59435757549008,-113.73305961191592,P_Contd,P_Contd,L_Turned,21.54,7.1,8.63,-655.0,-37.77,24742.0,24342.0
한화오션,2020,6.937796507031208,31.20968426588971,1.6759186572823677,P_Contd,P_Contd,P_Turned,25.28,6.8,8.52,584.0,41.68,24342.0,20478.0
한화오션,2021,16.738122795295123,35.86450129562061,49.58173390461269,P_Contd,L_Turned,L_Turned,29.98,12.33,16.03,-16072.0,-1.27,20478.0,16835.0
한화오션,2022,5.721868135847916,-26.358648761979435,-21.84281242788304,P_Contd,L_Contd,L_Contd,24.19,9.77,12.14,-16493.0,-1.02,16835.0,0.0
DB손해보험,2017,,,,,,,,,,,,71200.0,70400.0
DB손해보험,2018,,,,,,,,,,,,70400.0,52300.0
DB손해보험,2019,,,,,,,,,,,,52300.0,43750.0
DB손해보험,2020,,,,,,,,,,,,43750.0,54000.0
DB손해보험,2021,,,,,,,,,,,,54000.0,65300.0
DB손해보험,2022,,,,,,,,,,,,65300.0,0.0
현대글로비스,2017,0.0,0.0,0.0,P,P,P,30.79,14.53,19.0,18147.0,7.49,136000.0,129000.0
현대글로비스,2018,4.969345036534697,20.23448761404348,12.233047277251128,P_Contd,P_Contd,P_Contd,26.61,14.98,18.97,11663.0,11.06,129000.0,143000.0
현대글로비스,2019,-10.085108655904586,-209.59435757549008,-113.73305961191592,P_Contd,P_Contd,P_Contd,21.54,7.1,8.63,13395.0,10.68,143000.0,184000.0
현대글로비스,2020,6.937796507031208,31.20968426588971,1.6759186572823677,P_Contd,P_Contd,P_Contd,25.28,6.8,8.52,16165.0,11.38,184000.0,168000.0
현대글로비스,2021,16.738122795295123,35.86450129562061,49.58173390461269,P_Contd,P_Contd,P_Contd,29.98,12.33,16.03,20877.0,8.05,168000.0,163500.0
현대글로비스,2022,5.721868135847916,-26.358648761979435,-21.84281242788304,P_Contd,P_Contd,P_Contd,24.19,9.77,12.14,31729.0,5.15,163500.0,0.0
한화에어로스페이스,2017,0.0,0.0,0.0,P,L,L,30.79,14.53,19.0,-915.0,-38.85,35550.0,32500.0
한화에어로스페이스,2018,4.969345036534697,20.23448761404348,12.233047277251128,P_Contd,L_Contd,L_Contd,26.61,14.98,18.97,619.0,52.5,32500.0,35050.0
한화에어로스페이스,2019,-10.085108655904586,-209.59435757549008,-113.73305961191592,P_Contd,L_Contd,P_Turned,21.54,7.1,8.63,2558.0,13.7,35050.0,28500.0
한화에어로스페이스,2020,6.937796507031208,31.20968426588971,1.6759186572823677,P_Contd,L_Contd,P_Contd,25.28,6.8,8.52,2390.0,11.92,28500.0,48000.0
한화에어로스페이스,2021,16.738122795295123,35.86450129562061,49.58173390461269,P_Contd,L_Contd,P_Contd,29.98,12.33,16.03,4989.0,9.62,48000.0,73600.0
한화에어로스페이스,2022,5.721868135847916,-26.358648761979435,-21.84281242788304,P_Contd,P_Turned,P_Contd,24.19,9.77,12.14,3964.0,18.57,73600.0,0.0
SK바이오팜,2017,,,,,,,,,,,,,
SK바이오팜,2018,,,,,,,,,,,,,
SK바이오팜,2019,,,,,,,,,,,,,
SK바이오팜,2020,,,,,,,,,,,,,
SK바이오팜,2021,,,,,,,,,,,,,
SK바이오팜,2022,,,,,,,,,,,,,
삼성중공업,2017,0.0,0.0,0.0,P,L,L,30.79,14.53,19.0,-930.0,-6.57,6106.0,6995.0
삼성중공업,2018,4.969345036534697,20.23448761404348,12.233047277251128,P_Contd,L_Contd,L_Contd,26.61,14.98,18.97,-729.0,-9.6,6995.0,6863.0
삼성중공업,2019,-10.085108655904586,-209.59435757549008,-113.73305961191592,P_Contd,L_Contd,L_Contd,21.54,7.1,8.63,-2170.0,-3.16,6863.0,6645.0
삼성중공업,2020,6.937796507031208,31.20968426588971,1.6759186572823677,P_Contd,L_Contd,L_Contd,25.28,6.8,8.52,-2454.0,-2.71,6645.0,5670.0
삼성중공업,2021,16.738122795295123,35.86450129562061,49.58173390461269,P_Contd,L_Contd,L_Contd,29.98,12.33,16.03,-2174.0,-2.61,5670.0,5110.0
삼성중공업,2022,5.721868135847916,-26.358648761979435,-21.84281242788304,P_Contd,L_Contd,L_Contd,24.19,9.77,12.14,-725.0,-7.05,5110.0,0.0
카카오페이,2017,,,,,,,,,,,,,
카카오페이,2018,,,,,,,,,,,,,
카카오페이,2019,,,,,,,,,,,,,
카카오페이,2020,,,,,,,,,,,,,
카카오페이,2021,,,,,,,,,,,,,
카카오페이,2022,,,,,,,,,,,,,
한국타이어앤테크놀로지,2017,0.0,0.0,0.0,P,P,P,30.79,14.53,19.0,4837.0,11.29,54600.0,40150.0
한국타이어앤테크놀로지,2018,4.969345036534697,20.23448761404348,12.233047277251128,P_Contd,P_Contd,P_Contd,26.61,14.98,18.97,4216.0,9.52,40150.0,33550.0
한국타이어앤테크놀로지,2019,-10.085108655904586,-209.59435757549008,-113.73305961191592,P_Contd,P_Contd,P_Contd,21.54,7.1,8.63,3387.0,9.91,33550.0,39400.0
한국타이어앤테크놀로지,2020,6.937796507031208,31.20968426588971,1.6759186572823677,P_Contd,P_Contd,P_Contd,25.28,6.8,8.52,3032.0,12.99,39400.0,39700.0
한국타이어앤테크놀로지,2021,16.738122795295123,35.86450129562061,49.58173390461269,P_Contd,L_Turned,P_Contd,29.98,12.33,16.03,4822.0,8.23,39700.0,31150.0
한국타이어앤테크놀로지,2022,5.721868135847916,-26.358648761979435,-21.84281242788304,P_Contd,L_Contd,P_Contd,24.19,9.77,12.14,5658.0,5.51,31150.0,0.0
롯데케미칼,2017,0.0,0.0,0.0,P,P,P,30.79,14.53,19.0,65625.0,5.34,350522.0,263844.0
롯데케미칼,2018,4.969345036534697,20.23448761404348,12.233047277251128,P_Contd,P_Contd,P_Contd,26.61,14.98,18.97,46074.0,5.73,263844.0,213361.0
롯데케미칼,2019,-10.085108655904586,-209.59435757549008,-113.73305961191592,P_Contd,P_Contd,P_Contd,21.54,7.1,8.63,20860.0,10.23,213361.0,262892.0
롯데케미칼,2020,6.937796507031208,31.20968426588971,1.6759186572823677,P_Contd,P_Contd,P_Contd,25.28,6.8,8.52,4623.0,56.87,262892.0,206694.0
롯데케미칼,2021,16.738122795295123,35.86450129562061,49.58173390461269,P_Contd,P_Contd,P_Contd,29.98,12.33,16.03,38911.0,5.31,206694.0,178500.0
롯데케미칼,2022,5.721868135847916,-26.358648761979435,-21.84281242788304,P_Contd,L_Turned,L_Turned,24.19,9.77,12.14,1802.0,99.06,178500.0,0.0
HD현대,2017,0.0,0.0,0.0,P,P,P,30.79,14.53,19.0,74413.0,1.02,76200.0,69200.0
HD현대,2018,4.969345036534697,20.23448761404348,12.233047277251128,P_Contd,P_Contd,P_Contd,26.61,14.98,18.97,18371.0,3.77,69200.0,67600.0
HD현대,2019,-10.085108655904586,-209.59435757549008,-113.73305961191592,P_Contd,P_Contd,P_Contd,21.54,7.1,8.63,11848.0,5.71,67600.0,56700.0
HD현대,2020,6.937796507031208,31.20968426588971,1.6759186572823677,P_Contd,P_Contd,P_Contd,25.28,6.8,8.52,-42815.0,-1.32,56700.0,53700.0
HD현대,2021,16.738122795295123,35.86450129562061,49.58173390461269,P_Contd,P_Contd,P_Contd,29.98,12.33,16.03,-2082.0,-25.79,53700.0,57100.0
HD현대,2022,5.721868135847916,-26.358648761979435,-21.84281242788304,P_Contd,P_Contd,P_Contd,24.19,9.77,12.14,19933.0,2.86,57100.0,0.0
맥쿼리인프라,2017,,,,,,,,,,,,8231.0,9269.0
맥쿼리인프라,2018,,,,,,,,,,,,9269.0,11573.0
맥쿼리인프라,2019,,,,,,,,,,,,11573.0,10625.0
맥쿼리인프라,2020,,,,,,,,,,,,10625.0,14018.0
맥쿼리인프라,2021,,,,,,,,,,,,14018.0,11025.0
맥쿼리인프라,2022,,,,,,,,,,,,11025.0,0.0
한화솔루션,2017,0.0,0.0,0.0,P,P,P,30.79,14.53,19.0,5021.0,7.61,38214.0,24428.0
한화솔루션,2018,4.969345036534697,20.23448761404348,12.233047277251128,P_Contd,P_Contd,P_Contd,26.61,14.98,18.97,1136.0,21.5,24428.0,22796.0
한화솔루션,2019,-10.085108655904586,-209.59435757549008,-113.73305961191592,P_Contd,P_Contd,L_Turned,21.54,7.1,8.63,-1459.0,-15.62,22796.0,57926.0
한화솔루션,2020,6.937796507031208,31.20968426588971,1.6759186572823677,P_Contd,P_Contd,P_Turned,25.28,6.8,8.52,1919.0,30.19,57926.0,44290.0
한화솔루션,2021,16.738122795295123,35.86450129562061,49.58173390461269,P_Contd,P_Contd,P_Contd,29.98,12.33,16.03,3320.0,13.34,44290.0,53647.0
한화솔루션,2022,5.721868135847916,-26.358648761979435,-21.84281242788304,P_Contd,P_Contd,P_Contd,24.19,9.77,12.14,1873.0,28.64,53647.0,0.0
넷마블,2017,0.0,0.0,0.0,P,P,P,30.79,14.53,19.0,3908.0,48.23,188500.0,111500.0
넷마블,2018,4.969345036534697,20.23448761404348,12.233047277251128,P_Contd,P_Contd,P_Contd,26.61,14.98,18.97,2230.0,50.0,111500.0,92400.0
넷마블,2019,-10.085108655904586,-209.59435757549008,-113.73305961191592,P_Contd,P_Contd,P_Contd,21.54,7.1,8.63,1883.0,49.07,92400.0,131500.0
넷마블,2020,6.937796507031208,31.20968426588971,1.6759186572823677,P_Contd,P_Contd,P_Contd,25.28,6.8,8.52,3827.0,34.36,131500.0,125000.0
넷마블,2021,16.738122795295123,35.86450129562061,49.58173390461269,P_Contd,P_Contd,P_Contd,29.98,12.33,16.03,2933.0,42.62,125000.0,60400.0
넷마블,2022,5.721868135847916,-26.358648761979435,-21.84281242788304,P_Contd,L_Turned,L_Turned,24.19,9.77,12.14,-9998.0,-6.04,60400.0,0.0
현대차2우B,2017,,,,,,,,,,,,102000.0,77000.0
현대차2우B,2018,,,,,,,,,,,,77000.0,79400.0
현대차2우B,2019,,,,,,,,,,,,79400.0,89600.0
현대차2우B,2020,,,,,,,,,,,,89600.0,101000.0
현대차2우B,2021,,,,,,,,,,,,101000.0,73900.0
현대차2우B,2022,,,,,,,,,,,,73900.0,0.0
미래에셋증권,2017,,,,,,,,,,,,8984.0,6530.0
미래에셋증권,2018,,,,,,,,,,,,6530.0,7550.0
미래에셋증권,2019,,,,,,,,,,,,7550.0,9440.0
미래에셋증권,2020,,,,,,,,,,,,9440.0,8650.0
미래에셋증권,2021,,,,,,,,,,,,8650.0,6080.0
미래에셋증권,2022,,,,,,,,,,,,6080.0,0.0
코스모신소재,2017,0.0,0.0,0.0,P,P,P,30.79,14.53,19.0,526.0,21.03,11060.0,15507.0
코스모신소재,2018,4.969345036534697,20.23448761404348,12.233047277251128,P_Contd,P_Contd,P_Contd,26.61,14.98,18.97,515.0,30.11,15507.0,8791.0
코스모신소재,2019,-10.085108655904586,-209.59435757549008,-113.73305961191592,P_Contd,L_Turned,L_Turned,21.54,7.1,8.63,-80.0,-109.89,8791.0,19410.0
코스모신소재,2020,6.937796507031208,31.20968426588971,1.6759186572823677,P_Contd,P_Turned,P_Turned,25.28,6.8,8.52,401.0,48.4,19410.0,45588.0
코스모신소재,2021,16.738122795295123,35.86450129562061,49.58173390461269,P_Contd,P_Contd,P_Contd,29.98,12.33,16.03,604.0,75.48,45588.0,51169.0
코스모신소재,2022,5.721868135847916,-26.358648761979435,-21.84281242788304,P_Contd,P_Contd,P_Contd,24.19,9.77,12.14,912.0,56.11,51169.0,0.0
엘앤에프,2017,0.0,0.0,0.0,P,P,P,30.79,14.53,19.0,963.0,41.21,39682.0,33748.0
엘앤에프,2018,4.969345036534697,20.23448761404348,12.233047277251128,P_Contd,P_Contd,P_Contd,26.61,14.98,18.97,927.0,36.41,33748.0,20351.0
엘앤에프,2019,-10.085108655904586,-209.59435757549008,-113.73305961191592,P_Contd,L_Turned,L_Turned,21.54,7.1,8.63,-428.0,-47.55,20351.0,68767.0
엘앤에프,2020,6.937796507031208,31.20968426588971,1.6759186572823677,P_Contd,P_Turned,L_Contd,25.28,6.8,8.52,-687.0,-100.1,68767.0,222400.0
엘앤에프,2021,16.738122795295123,35.86450129562061,49.58173390461269,P_Contd,P_Contd,L_Contd,29.98,12.33,16.03,-4198.0,-52.98,222400.0,173500.0
엘앤에프,2022,5.721868135847916,-26.358648761979435,-21.84281242788304,P_Contd,P_Contd,P_Turned,24.19,9.77,12.14,8269.0,20.98,173500.0,0.0
한진칼,2017,0.0,0.0,0.0,L,P,P,30.79,14.53,19.0,3815.0,4.8,18300.0,29800.0
한진칼,2018,4.969345036534697,20.23448761404348,12.233047277251128,L_Turned,P_Contd,P_Contd,26.61,14.98,18.97,-602.0,-49.5,29800.0,40000.0
한진칼,2019,-10.085108655904586,-209.59435757549008,-113.73305961191592,L_Turned,P_Contd,P_Contd,21.54,7.1,8.63,-4094.0,-9.77,40000.0,63100.0
한진칼,2020,6.937796507031208,31.20968426588971,1.6759186572823677,L_Turned,P_Contd,L_Turned,25.28,6.8,8.52,-4476.0,-14.1,63100.0,61400.0
한진칼,2021,16.738122795295123,35.86450129562061,49.58173390461269,L_Turned,P_Contd,L_Contd,29.98,12.33,16.03,247.0,248.58,61400.0,37450.0
한진칼,2022,5.721868135847916,-26.358648761979435,-21.84281242788304,L_Turned,P_Contd,P_Turned,24.19,9.77,12.14,10143.0,3.69,37450.0,0.0
SK바이오사이언스,2017,,,,,,,,,,,,,
SK바이오사이언스,2018,,,,,,,,,,,,,
SK바이오사이언스,2019,,,,,,,,,,,,,
SK바이오사이언스,2020,,,,,,,,,,,,,
SK바이오사이언스,2021,,,,,,,,,,,,,
SK바이오사이언스,2022,,,,,,,,,,,,,
유한양행,2017,0.0,0.0,0.0,P,P,P,30.79,14.53,19.0,10176.0,3.31,33640.0,32827.0
유한양행,2018,4.969345036534697,20.23448761404348,12.233047277251128,P_Contd,P_Contd,P_Contd,26.61,14.98,18.97,5056.0,6.49,32827.0,39657.0
유한양행,2019,-10.085108655904586,-209.59435757549008,-113.73305961191592,P_Contd,P_Contd,P_Contd,21.54,7.1,8.63,3365.0,11.79,39657.0,65802.0
유한양행,2020,6.937796507031208,31.20968426588971,1.6759186572823677,P_Contd,P_Contd,P_Contd,25.28,6.8,8.52,2807.0,23.44,65802.0,56854.0
유한양행,2021,16.738122795295123,35.86450129562061,49.58173390461269,P_Contd,P_Contd,P_Contd,29.98,12.33,16.03,1496.0,38.0,56854.0,54745.0
유한양행,2022,5.721868135847916,-26.358648761979435,-21.84281242788304,P_Contd,P_Contd,P_Contd,24.19,9.77,12.14,1327.0,41.25,54745.0,0.0
금양,2017,0.0,0.0,0.0,P,P,P,30.79,14.53,19.0,517.0,4.8,2480.0,2335.0
금양,2018,4.969345036534697,20.23448761404348,12.233047277251128,P_Contd,P_Contd,P_Contd,26.61,14.98,18.97,533.0,4.38,2335.0,2400.0
금양,2019,-10.085108655904586,-209.59435757549008,-113.73305961191592,P_Contd,P_Contd,L_Turned,21.54,7.1,8.63,-279.0,-8.6,2400.0,6620.0
금양,2020,6.937796507031208,31.20968426588971,1.6759186572823677,P_Contd,P_Contd,L_Contd,25.28,6.8,8.52,-95.0,-69.68,6620.0,4905.0
금양,2021,16.738122795295123,35.86450129562061,49.58173390461269,P_Contd,P_Contd,P_Turned,29.98,12.33,16.03,295.0,16.63,4905.0,23900.0
금양,2022,5.721868135847916,-26.358648761979435,-21.84281242788304,P_Contd,P_Contd,L_Turned,24.19,9.77,12.14,-575.0,-41.57,23900.0,0.0
현대제철,2017,0.0,0.0,0.0,P,P,P,30.79,14.53,19.0,5455.0,10.74,58600.0,45250.0
현대제철,2018,4.969345036534697,20.23448761404348,12.233047277251128,P_Contd,P_Contd,P_Contd,26.61,14.98,18.97,3037.0,14.9,45250.0,31450.0
현대제철,2019,-10.085108655904586,-209.59435757549008,-113.73305961191592,P_Contd,P_Contd,P_Contd,21.54,7.1,8.63,130.0,241.92,31450.0,39600.0
현대제철,2020,6.937796507031208,31.20968426588971,1.6759186572823677,P_Contd,P_Contd,L_Turned,25.28,6.8,8.52,-3272.0,-12.1,39600.0,41000.0
현대제철,2021,16.738122795295123,35.86450129562061,49.58173390461269,P_Contd,P_Contd,P_Turned,29.98,12.33,16.03,11110.0,3.69,41000.0,30600.0
현대제철,2022,5.721868135847916,-26.358648761979435,-21.84281242788304,P_Contd,P_Contd,P_Contd,24.19,9.77,12.14,7736.0,3.96,30600.0,0.0
두산로보틱스,2017,,,,,,,,,,,,,
두산로보틱스,2018,,,,,,,,,,,,,
두산로보틱스,2019,,,,,,,,,,,,,
두산로보틱스,2020,,,,,,,,,,,,,
두산로보틱스,2021,,,,,,,,,,,,,
두산로보틱스,2022,,,,,,,,,,,,,
GS,2017,0.0,0.0,0.0,P,P,P,30.79,14.53,19.0,10416.0,5.97,62200.0,51600.0
GS,2018,4.969345036534697,20.23448761404348,12.233047277251128,P_Contd,P_Contd,P_Contd,26.61,14.98,18.97,9539.0,5.41,51600.0,51600.0
GS,2019,-10.085108655904586,-209.59435757549008,-113.73305961191592,P_Contd,P_Contd,P_Contd,21.54,7.1,8.63,5745.0,8.98,51600.0,37550.0
GS,2020,6.937796507031208,31.20968426588971,1.6759186572823677,P_Contd,P_Contd,L_Turned,25.28,6.8,8.52,-2564.0,-14.65,37550.0,39100.0
GS,2021,16.738122795295123,35.86450129562061,49.58173390461269,P_Contd,P_Contd,P_Turned,29.98,12.33,16.03,15304.0,2.55,39100.0,43800.0
GS,2022,5.721868135847916,-26.358648761979435,-21.84281242788304,P_Contd,P_Contd,P_Contd,24.19,9.77,12.14,22634.0,1.94,43800.0,0.0
LG생활건강,2017,0.0,0.0,0.0,P,P,P,30.79,14.53,19.0,36184.0,32.86,1189000.0,1101000.0
LG생활건강,2018,4.969345036534697,20.23448761404348,12.233047277251128,P_Contd,P_Contd,P_Contd,26.61,14.98,18.97,40740.0,27.03,1101000.0,1261000.0
LG생활건강,2019,-10.085108655904586,-209.59435757549008,-113.73305961191592,P_Contd,P_Contd,P_Contd,21.54,7.1,8.63,46431.0,27.16,1261000.0,1620000.0
LG생활건강,2020,6.937796507031208,31.20968426588971,1.6759186572823677,P_Contd,P_Contd,P_Contd,25.28,6.8,8.52,47596.0,34.04,1620000.0,1097000.0
LG생활건강,2021,16.738122795295123,35.86450129562061,49.58173390461269,P_Contd,P_Contd,P_Contd,29.98,12.33,16.03,50395.0,21.77,1097000.0,722000.0
LG생활건강,2022,5.721868135847916,-26.358648761979435,-21.84281242788304,P_Contd,P_Contd,P_Contd,24.19,9.77,12.14,14119.0,51.14,722000.0,0.0
한국항공우주,2017,0.0,0.0,0.0,P,L,L,30.79,14.53,19.0,-2413.0,-19.66,47450.0,31900.0
한국항공우주,2018,4.969345036534697,20.23448761404348,12.233047277251128,P_Contd,P_Turned,P_Turned,26.61,14.98,18.97,587.0,54.34,31900.0,34050.0
한국항공우주,2019,-10.085108655904586,-209.59435757549008,-113.73305961191592,P_Contd,P_Contd,P_Contd,21.54,7.1,8.63,1748.0,19.48,34050.0,25800.0
한국항공우주,2020,6.937796507031208,31.20968426588971,1.6759186572823677,P_Contd,P_Contd,P_Contd,25.28,6.8,8.52,766.0,33.68,25800.0,32450.0
한국항공우주,2021,16.738122795295123,35.86450129562061,49.58173390461269,P_Contd,P_Contd,P_Contd,29.98,12.33,16.03,656.0,49.47,32450.0,50900.0
한국항공우주,2022,5.721868135847916,-26.358648761979435,-21.84281242788304,P_Contd,P_Contd,P_Contd,24.19,9.77,12.14,1215.0,41.89,50900.0,0.0
SK아이이테크놀로지,2017,,,,,,,,,,,,,
SK아이이테크놀로지,2018,,,,,,,,,,,,,
SK아이이테크놀로지,2019,,,,,,,,,,,,,
SK아이이테크놀로지,2020,,,,,,,,,,,,,
SK아이이테크놀로지,2021,,,,,,,,,,,,,
SK아이이테크놀로지,2022,,,,,,,,,,,,,
LG이노텍,2017,0.0,0.0,0.0,P,P,P,30.79,14.53,19.0,7386.0,19.5,144000.0,86400.0
LG이노텍,2018,4.969345036534697,20.23448761404348,12.233047277251128,P_Contd,P_Contd,P_Contd,26.61,14.98,18.97,6892.0,12.54,86400.0,140000.0
LG이노텍,2019,-10.085108655904586,-209.59435757549008,-113.73305961191592,P_Contd,P_Contd,P_Contd,21.54,7.1,8.63,4323.0,32.38,140000.0,182500.0
LG이노텍,2020,6.937796507031208,31.20968426588971,1.6759186572823677,P_Contd,P_Contd,P_Contd,25.28,6.8,8.52,9978.0,18.29,182500.0,364000.0
LG이노텍,2021,16.738122795295123,35.86450129562061,49.58173390461269,P_Contd,P_Contd,P_Contd,29.98,12.33,16.03,37536.0,9.7,364000.0,252500.0
LG이노텍,2022,5.721868135847916,-26.358648761979435,-21.84281242788304,P_Contd,P_Contd,P_Contd,24.19,9.77,12.14,41406.0,6.1,252500.0,0.0
두산밥캣,2017,,,,,,,,,,,,35800.0,31500.0
두산밥캣,2018,,,,,,,,,,,,31500.0,34350.0
두산밥캣,2019,,,,,,,,,,,,34350.0,29650.0
두산밥캣,2020,,,,,,,,,,,,29650.0,40750.0
두산밥캣,2021,,,,,,,,,,,,40750.0,34600.0
두산밥캣,2022,,,,,,,,,,,,34600.0,0.0
삼성엔지니어링,2017,0.0,0.0,0.0,P,L,L,30.79,14.53,19.0,-329.0,-37.69,12400.0,17600.0
삼성엔지니어링,2018,4.969345036534697,20.23448761404348,12.233047277251128,P_Contd,L_Contd,P_Turned,26.61,14.98,18.97,313.0,56.23,17600.0,19200.0
삼성엔지니어링,2019,-10.085108655904586,-209.59435757549008,-113.73305961191592,P_Contd,P_Turned,P_Contd,21.54,7.1,8.63,1637.0,11.73,19200.0,13250.0
삼성엔지니어링,2020,6.937796507031208,31.20968426588971,1.6759186572823677,P_Contd,P_Contd,P_Contd,25.28,6.8,8.52,1288.0,10.29,13250.0,22900.0
삼성엔지니어링,2021,16.738122795295123,35.86450129562061,49.58173390461269,P_Contd,P_Contd,P_Contd,29.98,12.33,16.03,1900.0,12.05,22900.0,22250.0
삼성엔지니어링,2022,5.721868135847916,-26.358648761979435,-21.84281242788304,P_Contd,P_Contd,P_Contd,24.19,9.77,12.14,3392.0,6.56,22250.0,0.0
코웨이,2017,,,,,,,,,,,,97700.0,74100.0
코웨이,2018,,,,,,,,,,,,74100.0,93100.0
코웨이,2019,,,,,,,,,,,,93100.0,72700.0
코웨이,2020,,,,,,,,,,,,72700.0,74400.0
코웨이,2021,,,,,,,,,,,,74400.0,55900.0
코웨이,2022,,,,,,,,,,,,55900.0,0.0
엔씨소프트,2017,,,,,,,,,,,,447500.0,466500.0
엔씨소프트,2018,,,,,,,,,,,,466500.0,541000.0
엔씨소프트,2019,,,,,,,,,,,,541000.0,931000.0
엔씨소프트,2020,,,,,,,,,,,,931000.0,643000.0
엔씨소프트,2021,,,,,,,,,,,,643000.0,448000.0
엔씨소프트,2022,,,,,,,,,,,,448000.0,0.0
LG유플러스,2017,,,,,,,,,,,,14000.0,17650.0
LG유플러스,2018,,,,,,,,,,,,17650.0,14200.0
LG유플러스,2019,,,,,,,,,,,,14200.0,11750.0
LG유플러스,2020,,,,,,,,,,,,11750.0,13600.0
LG유플러스,2021,,,,,,,,,,,,13600.0,11050.0
LG유플러스,2022,,,,,,,,,,,,11050.0,0.0
CJ제일제당,2017,,,,,,,,,,,,366000.0,330500.0
CJ제일제당,2018,,,,,,,,,,,,330500.0,252500.0
CJ제일제당,2019,,,,,,,,,,,,252500.0,381000.0
CJ제일제당,2020,,,,,,,,,,,,381000.0,387500.0
CJ제일제당,2021,,,,,,,,,,,,387500.0,380500.0
CJ제일제당,2022,,,,,,,,,,,,380500.0,0.0
한미약품,2017,,,,,,,,,,,,522216.0,422863.0
한미약품,2018,,,,,,,,,,,,422863.0,275151.0
한미약품,2019,,,,,,,,,,,,275151.0,346409.0
한미약품,2020,,,,,,,,,,,,346409.0,265940.0
한미약품,2021,,,,,,,,,,,,265940.0,292377.0
한미약품,2022,,,,,,,,,,,,292377.0,0.0
현대오토에버,2017,,,,,,,,,,,,,
현대오토에버,2018,,,,,,,,,,,,,
현대오토에버,2019,,,,,,,,,,,,,
현대오토에버,2020,,,,,,,,,,,,,
현대오토에버,2021,,,,,,,,,,,,,
현대오토에버,2022,,,,,,,,,,,,,
LG디스플레이,2017,0.0,0.0,0.0,P,P,P,30.79,14.53,19.0,5038.0,5.49,27636.0,16683.0
LG디스플레이,2018,4.969345036534697,20.23448761404348,12.233047277251128,P_Contd,L_Turned,L_Turned,26.61,14.98,18.97,-579.0,-28.81,16683.0,15020.0
LG디스플레이,2019,-10.085108655904586,-209.59435757549008,-113.73305961191592,P_Contd,L_Contd,L_Contd,21.54,7.1,8.63,-7908.0,-1.9,15020.0,17145.0
LG디스플레이,2020,6.937796507031208,31.20968426588971,1.6759186572823677,P_Contd,L_Contd,L_Contd,25.28,6.8,8.52,-265.0,-64.7,17145.0,22737.0
LG디스플레이,2021,16.738122795295123,35.86450129562061,49.58173390461269,P_Contd,P_Turned,P_Turned,29.98,12.33,16.03,3315.0,6.86,22737.0,11507.0
LG디스플레이,2022,5.721868135847916,-26.358648761979435,-21.84281242788304,P_Contd,L_Turned,L_Turned,24.19,9.77,12.14,-8584.0,-1.34,11507.0,0.0
삼성카드,2017,,,,,,,,,,,,39600.0,34550.0
삼성카드,2018,,,,,,,,,,,,34550.0,38600.0
삼성카드,2019,,,,,,,,,,,,38600.0,32500.0
삼성카드,2020,,,,,,,,,,,,32500.0,31500.0
삼성카드,2021,,,,,,,,,,,,31500.0,29550.0
삼성카드,2022,,,,,,,,,,,,29550.0,0.0
금호석유,2017,0.0,0.0,0.0,P,P,P,30.79,14.53,19.0,7647.0,13.01,99500.0,87300.0
금호석유,2018,4.969345036534697,20.23448761404348,12.233047277251128,P_Contd,P_Contd,P_Contd,26.61,14.98,18.97,17597.0,4.96,87300.0,77500.0
금호석유,2019,-10.085108655904586,-209.59435757549008,-113.73305961191592,P_Contd,P_Contd,P_Contd,21.54,7.1,8.63,10549.0,7.35,77500.0,145000.0
금호석유,2020,6.937796507031208,31.20968426588971,1.6759186572823677,P_Contd,P_Contd,P_Contd,25.28,6.8,8.52,20881.0,6.94,145000.0,166000.0
금호석유,2021,16.738122795295123,35.86450129562061,49.58173390461269,P_Contd,P_Contd,P_Contd,29.98,12.33,16.03,70433.0,2.36,166000.0,126000.0
금호석유,2022,5.721868135847916,-26.358648761979435,-21.84281242788304,P_Contd,P_Contd,P_Contd,24.19,9.77,12.14,37290.0,3.38,126000.0,0.0
HD현대일렉트릭,2017,0.0,0.0,0.0,P,P,P,30.79,14.53,19.0,930.0,53.07,49357.0,19159.0
HD현대일렉트릭,2018,4.969345036534697,20.23448761404348,12.233047277251128,P_Contd,L_Turned,L_Turned,26.61,14.98,18.97,-8812.0,-2.17,19159.0,11550.0
HD현대일렉트릭,2019,-10.085108655904586,-209.59435757549008,-113.73305961191592,P_Contd,L_Contd,L_Contd,21.54,7.1,8.63,-12961.0,-0.89,11550.0,16400.0
HD현대일렉트릭,2020,6.937796507031208,31.20968426588971,1.6759186572823677,P_Contd,P_Turned,L_Contd,25.28,6.8,8.52,-1118.0,-14.67,16400.0,19900.0
HD현대일렉트릭,2021,16.738122795295123,35.86450129562061,49.58173390461269,P_Contd,P_Contd,L_Contd,29.98,12.33,16.03,-936.0,-21.26,19900.0,42500.0
HD현대일렉트릭,2022,5.721868135847916,-26.358648761979435,-21.84281242788304,P_Contd,P_Contd,P_Turned,24.19,9.77,12.14,4514.0,9.42,42500.0,0.0
현대건설,2017,0.0,0.0,0.0,P,P,P,30.79,14.53,19.0,1810.0,19.51,35319.0,53124.0
현대건설,2018,4.969345036534697,20.23448761404348,12.233047277251128,P_Contd,P_Contd,P_Contd,26.61,14.98,18.97,3424.0,15.52,53124.0,41157.0
현대건설,2019,-10.085108655904586,-209.59435757549008,-113.73305961191592,P_Contd,P_Contd,P_Contd,21.54,7.1,8.63,3656.0,11.26,41157.0,36438.0
현대건설,2020,6.937796507031208,31.20968426588971,1.6759186572823677,P_Contd,P_Contd,P_Contd,25.28,6.8,8.52,1097.0,33.22,36438.0,44450.0
현대건설,2021,16.738122795295123,35.86450129562061,49.58173390461269,P_Contd,P_Contd,P_Contd,29.98,12.33,16.03,3625.0,12.26,44450.0,34900.0
현대건설,2022,5.721868135847916,-26.358648761979435,-21.84281242788304,P_Contd,P_Contd,P_Contd,24.19,9.77,12.14,3637.0,9.6,34900.0,0.0
NH투자증권,2017,,,,,,,,,,,,13900.0,13050.0
NH투자증권,2018,,,,,,,,,,,,13050.0,12700.0
NH투자증권,2019,,,,,,,,,,,,12700.0,11300.0
NH투자증권,2020,,,,,,,,,,,,11300.0,12500.0
NH투자증권,2021,,,,,,,,,,,,12500.0,8770.0
NH투자증권,2022,,,,,,,,,,,,8770.0,0.0
강원랜드,2017,0.0,0.0,0.0,P,P,P,30.79,14.53,19.0,2159.0,16.12,34800.0,32000.0
강원랜드,2018,4.969345036534697,20.23448761404348,12.233047277251128,P_Contd,P_Contd,P_Contd,26.61,14.98,18.97,1467.0,21.81,32000.0,29600.0
강원랜드,2019,-10.085108655904586,-209.59435757549008,-113.73305961191592,P_Contd,P_Contd,P_Contd,21.54,7.1,8.63,1651.0,17.93,29600.0,23500.0
강원랜드,2020,6.937796507031208,31.20968426588971,1.6759186572823677,P_Contd,L_Turned,L_Turned,25.28,6.8,8.52,-1361.0,-17.27,23500.0,24050.0
강원랜드,2021,16.738122795295123,35.86450129562061,49.58173390461269,P_Contd,L_Contd,L_Contd,29.98,12.33,16.03,-52.0,-462.5,24050.0,23200.0
강원랜드,2022,5.721868135847916,-26.358648761979435,-21.84281242788304,P_Contd,P_Turned,P_Turned,24.19,9.77,12.14,570.0,40.7,23200.0,0.0
오리온,2017,0.0,0.0,0.0,P,P,P,30.79,14.53,19.0,1912.0,54.65,104500.0,120000.0
오리온,2018,4.969345036534697,20.23448761404348,12.233047277251128,P_Contd,P_Contd,P_Contd,26.61,14.98,18.97,3538.0,33.92,120000.0,105500.0
오리온,2019,-10.085108655904586,-209.59435757549008,-113.73305961191592,P_Contd,P_Contd,P_Contd,21.54,7.1,8.63,5454.0,19.34,105500.0,124000.0
오리온,2020,6.937796507031208,31.20968426588971,1.6759186572823677,P_Contd,P_Contd,P_Contd,25.28,6.8,8.52,6769.0,18.32,124000.0,103500.0
오리온,2021,16.738122795295123,35.86450129562061,49.58173390461269,P_Contd,P_Contd,P_Contd,29.98,12.33,16.03,6519.0,15.88,103500.0,128000.0
오리온,2022,5.721868135847916,-26.358648761979435,-21.84281242788304,P_Contd,P_Contd,P_Contd,24.19,9.77,12.14,9926.0,12.9,128000.0,0.0
한국금융지주,2017,,,,,,,,,,,,69000.0,59500.0
한국금융지주,2018,,,,,,,,,,,,59500.0,72400.0
한국금융지주,2019,,,,,,,,,,,,72400.0,79000.0
한국금융지주,2020,,,,,,,,,,,,79000.0,80700.0
한국금융지주,2021,,,,,,,,,,,,80700.0,53300.0
한국금융지주,2022,,,,,,,,,,,,53300.0,0.0
삼성증권,2017,,,,,,,,,,,,36600.0,31500.0
삼성증권,2018,,,,,,,,,,,,31500.0,38600.0
삼성증권,2019,,,,,,,,,,,,38600.0,40450.0
삼성증권,2020,,,,,,,,,,,,40450.0,44900.0
삼성증권,2021,,,,,,,,,,,,44900.0,31450.0
삼성증권,2022,,,,,,,,,,,,31450.0,0.0
현대차우,2017,,,,,,,,,,,,93700.0,70200.0
현대차우,2018,,,,,,,,,,,,70200.0,71700.0
현대차우,2019,,,,,,,,,,,,71700.0,88500.0
현대차우,2020,,,,,,,,,,,,88500.0,98500.0
현대차우,2021,,,,,,,,,,,,98500.0,74000.0
현대차우,2022,,,,,,,,,,,,74000.0,0.0
롯데지주,2017,0.0,0.0,0.0,L,L,L,30.79,14.53,19.0,7625.0,8.54,65100.0,52700.0
롯데지주,2018,4.969345036534697,20.23448761404348,12.233047277251128,L_Turned,P_Turned,L_Turned,26.61,14.98,18.97,2713.0,19.42,52700.0,38950.0
롯데지주,2019,-10.085108655904586,-209.59435757549008,-113.73305961191592,L_Turned,P_Contd,L_Turned,21.54,7.1,8.63,-5028.0,-7.75,38950.0,35300.0
롯데지주,2020,6.937796507031208,31.20968426588971,1.6759186572823677,L_Turned,P_Contd,L_Turned,25.28,6.8,8.52,-2775.0,-12.72,35300.0,29900.0
롯데지주,2021,16.738122795295123,35.86450129562061,49.58173390461269,L_Turned,P_Contd,L_Contd,29.98,12.33,16.03,4315.0,6.93,29900.0,30800.0
롯데지주,2022,5.721868135847916,-26.358648761979435,-21.84281242788304,L_Turned,P_Contd,P_Turned,24.19,9.77,12.14,2387.0,12.9,30800.0,0.0
쌍용C&E,2017,0.0,0.0,0.0,P,P,P,30.79,14.53,19.0,624.0,6.55,4086.0,6891.0
쌍용C&E,2018,4.969345036534697,20.23448761404348,12.233047277251128,P_Contd,P_Contd,P_Contd,26.61,14.98,18.97,289.0,23.84,6891.0,6211.0
쌍용C&E,2019,-10.085108655904586,-209.59435757549008,-113.73305961191592,P_Contd,P_Contd,P_Contd,21.54,7.1,8.63,259.0,23.98,6211.0,6680.0
쌍용C&E,2020,6.937796507031208,31.20968426588971,1.6759186572823677,P_Contd,P_Contd,P_Contd,25.28,6.8,8.52,275.0,24.29,6680.0,7710.0
쌍용C&E,2021,16.738122795295123,35.86450129562061,49.58173390461269,P_Contd,P_Contd,P_Contd,29.98,12.33,16.03,370.0,20.84,7710.0,5760.0
쌍용C&E,2022,5.721868135847916,-26.358648761979435,-21.84281242788304,P_Contd,P_Contd,P_Contd,24.19,9.77,12.14,254.0,22.68,5760.0,0.0
한온시스템,2017,0.0,0.0,0.0,P,P,P,30.79,14.53,19.0,541.0,25.69,13900.0,10800.0
한온시스템,2018,4.969345036534697,20.23448761404348,12.233047277251128,P_Contd,P_Contd,P_Contd,26.61,14.98,18.97,520.0,20.77,10800.0,11150.0
한온시스템,2019,-10.085108655904586,-209.59435757549008,-113.73305961191592,P_Contd,P_Contd,P_Contd,21.54,7.1,8.63,597.0,18.68,11150.0,16250.0
한온시스템,2020,6.937796507031208,31.20968426588971,1.6759186572823677,P_Contd,P_Contd,L_Turned,25.28,6.8,8.52,207.0,78.5,16250.0,13450.0
한온시스템,2021,16.738122795295123,35.86450129562061,49.58173390461269,P_Contd,P_Contd,P_Turned,29.98,12.33,16.03,578.0,23.27,13450.0,8090.0
한온시스템,2022,5.721868135847916,-26.358648761979435,-21.84281242788304,P_Contd,L_Turned,L_Turned,24.19,9.77,12.14,38.0,212.89,8090.0,0.0
현대해상,2017,,,,,,,,,,,,47000.0,41050.0
현대해상,2018,,,,,,,,,,,,41050.0,26950.0
현대해상,2019,,,,,,,,,,,,26950.0,22750.0
현대해상,2020,,,,,,,,,,,,22750.0,22950.0
현대해상,2021,,,,,,,,,,,,22950.0,29450.0
현대해상,2022,,,,,,,,,,,,29450.0,0.0
