Open,High,Low,Close,Volume,Change
60100,60300,59200,59200,1752615,-0.0373983739837398
59800,60200,59500,59800,261475,0.010135135135135087
60200,60500,59400,60400,260402,0.010033444816053505
60400,60900,59900,60200,219823,-0.0033112582781457123
60100,60300,59600,59700,244981,-0.00830564784053156
59800,60000,58500,58900,295932,-0.01340033500837523
59300,59500,58500,58800,221554,-0.001697792869269965
59000,59200,58500,59000,193794,0.00340136054421758
59300,62200,59300,61300,500001,0.03898305084745757
61800,63000,61300,63000,855357,0.027732463295269127
62600,63000,61600,62200,306356,-0.012698412698412653
61900,62600,61500,62000,175104,-0.003215434083601254
61600,62400,61100,61700,163212,-0.004838709677419395
61800,62000,61100,62000,142331,0.004862236628849326
61500,62200,61000,61000,190532,-0.016129032258064502
61500,62500,59900,61900,260000,0.014754098360655776
64700,66500,63500,65500,790010,0.05815831987075937
65600,65900,63900,65500,205798,0.0
65300,65700,64700,65100,145630,-0.006106870229007688
65300,65700,64400,65500,162357,0.006144393241167334
68000,69500,67000,69400,846812,0.05954198473282446
70100,73200,69100,71700,723016,0.033141210374639796
72000,72800,69700,70000,325152,-0.023709902370990243
70500,71400,68200,68500,317055,-0.021428571428571463
68500,69900,67900,68200,208855,-0.004379562043795637
68000,69000,67700,68800,175277,0.008797653958944274
69100,69200,68400,68400,146213,-0.005813953488372103
69000,69200,67100,67200,194272,-0.01754385964912286
67900,68000,66600,67100,165106,-0.0014880952380952328
67200,67700,66600,66700,178930,-0.005961251862891204
66700,68800,66500,68300,254310,0.02398800599700146
68100,68400,67500,67700,114011,-0.008784773060029227
67600,68000,67100,67200,135893,-0.00738552437223039
67300,67500,66000,66200,186741,-0.014880952380952328
66000,67100,65700,66900,121715,0.010574018126888296
66900,68300,66800,67500,139549,0.008968609865470878
67600,68200,67300,67800,118152,0.004444444444444473
67800,69300,67800,69200,210384,0.020648967551622377
69900,71600,69700,71000,354037,0.026011560693641522
71300,71400,70000,70000,205139,-0.014084507042253502
69400,71000,68500,69800,192462,-0.0028571428571428914
69300,70500,69300,70200,116688,0.005730659025787954
69800,70700,68700,69100,136830,-0.015669515669515688
68100,69100,67400,68600,189314,-0.00723589001447178
66500,67800,65700,66500,270865,-0.030612244897959218
67300,67800,65000,65700,262494,-0.012030075187969946
66000,66200,64300,64700,210687,-0.015220700152207
63500,67000,63100,65800,325001,0.01700154559505407
65800,66900,65100,66300,177125,0.0075987841945288626
66300,67100,65800,66400,254015,0.0015082956259426794
61800,63700,61700,62400,574852,-0.06024096385542166
63100,63300,62600,63000,167237,0.009615384615384581
63000,63300,62100,62400,137516,-0.00952380952380949
62100,63600,61800,63200,191040,0.012820512820512775
63100,63800,62400,63500,174005,0.004746835443038
63800,63800,63200,63700,108262,0.0031496062992126816
63700,64200,63200,63900,798463,0.0031397174254317317
64100,64900,64100,64300,150501,0.006259780907668322
64100,64800,62700,62700,139984,-0.02488335925349927
61900,62500,61400,61500,96830,-0.019138755980861233
61500,62400,60900,61600,78724,0.001626016260162677
61700,62500,61600,61900,88397,0.004870129870129913
61200,61900,60500,60900,141476,-0.016155088852988664
61400,61400,60700,60900,152832,0.0
61300,63800,61100,63200,187522,0.03776683087027921
63600,63900,62500,63300,83300,0.0015822784810126667
62500,63100,62000,62300,138862,-0.01579778830963663
61800,62300,61600,62000,101734,-0.0048154093097912964
62500,63400,61300,63000,139173,0.016129032258064502
63300,63400,62200,62400,163157,-0.00952380952380949
62400,63200,61800,62800,123019,0.0064102564102563875
62500,62900,62100,62500,72786,-0.004777070063694322
62300,62700,62000,62300,83566,-0.0031999999999999806
61900,62500,61500,61600,121142,-0.011235955056179803
60900,61200,60500,60700,131556,-0.01461038961038963
60200,60500,59700,60200,118446,-0.008237232289950547
60700,62200,60600,61500,121614,0.021594684385382035
60900,63400,60700,63000,194922,0.024390243902439046
62700,64100,62700,63400,114886,0.006349206349206327
64000,64000,62700,63500,96980,0.001577287066246047
65700,67700,65500,66600,333728,0.04881889763779523
66900,69700,66200,68900,416762,0.03453453453453448
68800,69100,67100,67100,184729,-0.026124818577648812
67100,69500,67100,67800,190610,0.010432190760059523
67800,69000,67300,68200,151237,0.005899705014749346
68200,68200,63500,64400,490368,-0.055718475073313734
64100,64400,62700,64100,199034,-0.004658385093167738
63800,64100,62300,62400,333645,-0.026521060842433664
62300,63200,61900,62900,504996,0.008012820512820484
63000,63700,62100,63700,197391,0.012718600953895098
63700,64400,63300,63800,97367,0.0015698587127157548
63500,64000,62900,63100,89281,-0.010971786833855801
63200,64200,63200,63500,122059,0.006339144215530945
63300,64100,63200,63700,120346,0.0031496062992126816
63800,67100,63800,65400,310212,0.02668759811616961
65000,66500,64100,65500,167950,0.001529051987767538
65200,66100,65200,65800,108031,0.004580152671755711
65500,65700,64400,64900,119299,-0.01367781155015202
65100,66000,65000,65400,136264,0.007704160246533087
65000,65600,64000,64800,131421,-0.00917431192660545
64900,65100,64000,65100,88878,0.004629629629629539
64000,64900,64000,64500,125929,-0.009216589861751112
64900,64900,62500,62500,177078,-0.03100775193798455
62200,63100,61700,61800,165823,-0.011199999999999988
62000,62200,61100,61100,185774,-0.01132686084142398
61200,61800,60100,60300,262405,-0.013093289689034338
60400,60900,60000,60600,174192,0.004975124378109541
60800,61500,60600,61300,104107,0.011551155115511635
61800,62300,60700,60900,104817,-0.006525285481239762
61000,61400,60200,60400,148483,-0.008210180623973717
60600,60600,60200,60400,132915,0.0
60400,60800,60200,60300,101629,-0.0016556291390728006
60300,60700,60100,60200,87523,-0.0016583747927031434
60400,60500,59800,59800,124901,-0.006644518272425293
59700,59700,59000,59000,160704,-0.013377926421404673
59200,59500,58300,58400,182593,-0.01016949152542368
58500,58700,56800,57400,257019,-0.017123287671232834
57500,59400,57500,59300,286905,0.03310104529616731
58900,59600,58700,59100,187878,-0.003372681281618939
59100,59700,57600,58000,189659,-0.0186125211505922
58000,59200,57800,58600,285672,0.010344827586206806
58300,58900,58100,58200,155926,-0.0068259385665528916
59000,59000,58000,58400,125677,0.0034364261168384758
58200,58900,58100,58200,149331,-0.003424657534246589
58400,59400,58200,59400,126143,0.020618556701030855
59000,59600,58400,58900,168688,-0.008417508417508435
59200,59300,58300,58400,153196,-0.008488964346349714
58400,60100,58100,60100,290469,0.02910958904109595
59900,60600,59300,60200,309297,0.0016638935108153063
60300,60300,58700,58800,766979,-0.023255813953488413
58600,59400,58100,58500,135912,-0.005102040816326481
58100,58800,57000,57300,192850,-0.02051282051282055
57500,57700,57000,57100,210740,-0.003490401396160525
56900,57300,56000,56300,173449,-0.014010507880910628
56100,57100,55600,56000,157473,-0.005328596802841923
56100,57000,56100,56700,102943,0.012499999999999956
56700,57500,56500,57100,169047,0.007054673721340388
56800,57400,56800,56800,104978,-0.005253940455341555
57200,58800,57000,57800,190458,0.01760563380281699
57800,58400,56800,57300,115030,-0.00865051903114189
57300,57500,55500,55800,113978,-0.02617801047120416
55400,56300,54300,55000,87910,-0.014336917562724039
54100,54300,52600,52600,207353,-0.043636363636363584
52400,53000,50000,51100,308313,-0.028517110266159662
50500,52100,50500,51900,149053,0.015655577299412915
51900,53100,51900,52900,103066,0.019267822736030782
52800,53300,52300,52800,117602,-0.001890359168241984
52100,52500,51100,51300,147545,-0.02840909090909094
51300,51900,50900,51400,112404,0.0019493177387914784
51600,51800,50800,51000,106814,-0.0077821011673151474
51100,52000,50600,51300,118025,0.00588235294117645
51800,54500,51500,54100,325410,0.05458089668615984
53700,54200,52600,53600,145669,-0.009242144177449174
53600,53900,51500,52200,144094,-0.026119402985074647
52200,52500,51100,52100,89781,-0.0019157088122605526
51700,52200,51000,51600,86319,-0.009596928982725572
51300,52000,51200,51700,105662,0.0019379844961240345
51900,51900,51100,51600,111393,-0.0019342359767892114
52100,52200,51100,51700,81062,0.0019379844961240345
51200,51700,51100,51200,92765,-0.009671179883945835
51200,51800,51100,51500,58975,0.005859375
51700,52800,51300,52600,86996,0.021359223300970953
52400,53100,52300,52900,70655,0.005703422053231932
52600,52900,51300,51400,104554,-0.02835538752362954
51400,51600,51100,51300,105738,-0.0019455252918287869
51400,51800,51300,51600,66843,0.005847953216374213
51400,51600,51100,51400,80978,-0.003875968992248069
51300,51700,51100,51200,107283,-0.0038910505836575737
51200,51300,50800,51300,78882,0.001953125
51200,51400,50700,51000,120845,-0.005847953216374324
50600,50900,49050,49200,218502,-0.03529411764705881
48800,49500,48800,49200,77291,0.0
48800,49250,48050,48350,147481,-0.017276422764227695
48300,48800,48050,48100,103079,-0.005170630816959676
48200,48800,48200,48750,94802,0.013513513513513598
48800,49050,48300,48750,73841,0.0
48550,49500,48550,48800,70994,0.0010256410256410664
49000,49300,48550,48550,79955,-0.0051229508196721785
48400,48600,48150,48400,93560,-0.003089598352214229
48450,48500,48150,48200,79710,-0.004132231404958664
48250,49000,48250,48950,90750,0.01556016597510368
48950,49250,48350,48500,72042,-0.009193054136874323
48500,48550,46900,47050,311710,-0.02989690721649485
47100,48200,46850,48200,189746,0.02444208289054206
48100,48200,47650,47850,89288,-0.007261410788381717
47500,48300,47150,48100,83471,0.0052246603970742544
48000,48350,47650,47700,76444,-0.008316008316008316
47700,47750,47350,47500,84707,-0.004192872117400381
47700,48100,47400,47900,85003,0.008421052631578885
47650,48100,47600,48100,105424,0.0041753653444676075
48400,51300,48400,51000,453369,0.06029106029106024
51200,51400,50100,50500,195942,-0.009803921568627416
50600,54000,50500,53900,521389,0.06732673267326739
54000,55100,53500,54200,256868,0.005565862708719838
54100,54700,53100,54500,154749,0.005535055350553542
54000,54700,53600,54600,631970,0.0018348623853210455
54700,55000,52400,53700,200771,-0.016483516483516536
53400,53700,52200,52300,156600,-0.02607076350093107
52400,54900,52300,54700,282980,0.04588910133843216
54700,54900,54100,54500,176070,-0.003656307129798919
54800,57500,54700,57100,333643,0.047706422018348515
57200,58400,56400,56800,230408,-0.005253940455341555
56500,57300,55500,56400,154107,-0.007042253521126751
56500,57000,55100,56200,170216,-0.0035460992907800915
55500,57000,55400,56000,259659,-0.003558718861209953
58500,58900,56600,57500,551125,0.02678571428571419
57900,59000,57000,58900,1697408,0.024347826086956514
58500,60800,57600,58300,1050978,-0.01018675721561968
57300,57500,54000,56200,647828,-0.03602058319039447
56300,57500,55000,56200,352465,0.0
55800,56400,54500,54600,264511,-0.028469750889679735
55200,55700,54400,54900,215596,0.005494505494505475
54500,55000,52400,52700,297278,-0.04007285974499086
52100,53500,51100,53200,239624,0.009487666034155628
52900,53500,52400,53000,116325,-0.003759398496240629
53400,53700,50700,51200,201566,-0.03396226415094339
51200,51800,50300,51000,186849,-0.00390625
49150,50600,49000,50300,266705,-0.013725490196078383
50600,50700,48500,49350,205428,-0.0188866799204771
48700,49800,47650,47700,165423,-0.033434650455927084
46850,47950,46850,47300,179137,-0.008385744234800874
47600,47950,47050,47550,152669,0.005285412262156397
47950,48950,47700,48050,157555,0.01051524710830698
48400,50300,48200,50100,176327,0.042663891779396446
49850,49900,48550,49150,145905,-0.01896207584830334
49350,49850,48950,49850,117251,0.014242115971515812
49900,51400,49750,49950,141082,0.0020060180541625616
50800,51000,49750,49750,97278,-0.004004004004004025
50300,52200,50300,51600,254235,0.0371859296482413
51600,51600,50200,50300,152287,-0.025193798449612448
49500,50300,49300,49950,104857,-0.006958250497017926
50200,50800,49900,50400,72148,0.009009009009008917
50400,53400,50300,53000,151306,0.051587301587301626
53400,54300,52500,52800,136459,-0.0037735849056603765
52600,56000,52600,55300,308885,0.04734848484848486
55200,57200,54900,57000,264041,0.030741410488245968
56800,57100,56100,56600,156654,-0.007017543859649145
57600,58300,55100,55400,229666,-0.021201413427561877
55400,56300,54900,55600,93892,0.0036101083032491488
55800,56500,55500,56200,119681,0.010791366906474753
56600,57400,55700,56800,120073,0.01067615658362997
57400,57400,56400,56600,108944,-0.0035211267605633756
56800,56900,55700,56200,129509,-0.007067137809187329
56000,56300,55000,55300,196518,-0.016014234875444844
55800,56500,55200,55300,116529,0.0
55400,55500,54800,55200,121788,-0.001808318264014508
54300,55700,54000,55600,65767,0.007246376811594235
55700,55700,53900,54300,80603,-0.023381294964028743
54400,54800,53900,54300,90465,0.0
53700,54400,52900,53800,96639,-0.009208103130755041
53800,54900,53500,54700,102201,0.016728624535315983
55500,55500,54600,55300,116052,0.010968921389396646
55500,56000,55200,55700,140385,0.00723327305605781
55700,56200,55400,55900,93729,0.0035906642728904536
55900,56700,55200,55500,95768,-0.007155635062611854
55400,55800,54900,55500,73378,0.0
55500,56000,55000,55400,71139,-0.0018018018018017834
55000,55400,54200,54400,129316,-0.018050541516245522
54500,54900,54000,54700,105994,0.005514705882353033
54700,55300,54000,54500,69299,-0.003656307129798919
54000,54300,53300,53700,109049,-0.014678899082568808
53000,53600,52200,52700,99547,-0.01862197392923648
52600,53300,52200,52700,106052,0.0
52400,52700,49700,49950,161549,-0.052182163187855735
50400,51200,49650,50500,119345,0.011011011011011096
49550,51100,49550,50700,83594,0.003960396039603964
51400,51600,50300,50400,95469,-0.00591715976331364
51200,51200,50300,50500,67374,0.001984126984126977
50900,51700,50500,51400,114163,0.017821782178217838
51100,52000,51100,51600,100367,0.0038910505836575737
51600,51900,50700,50800,163510,-0.015503875968992276
51000,51500,50600,51000,92800,0.003937007874015741
51100,51600,50900,51200,80631,0.0039215686274509665
51200,51600,50800,51000,98641,-0.00390625
51000,51200,50200,50500,178555,-0.009803921568627416
50800,51300,50400,50700,130674,0.003960396039603964
51100,51400,50400,50500,88621,-0.0039447731755424265
50400,50700,50200,50500,87923,0.0
50300,51300,50300,51100,101461,0.011881188118811892
50800,51400,50600,50900,90390,-0.003913894324853229
50800,52100,50800,51600,149000,0.013752455795677854
51600,51800,51100,51700,112147,0.0019379844961240345
51500,51700,51100,51500,181991,-0.003868471953578312
51500,51500,50800,51400,135169,-0.001941747572815511
51900,52500,51200,52300,137888,0.017509727626459082
52500,52900,52100,52600,81949,0.005736137667303964
53000,53000,51500,51800,125755,-0.01520912547528519
51600,52000,51400,51500,97131,-0.00579150579150578
51500,52000,51100,51700,73814,0.003883495145631022
51800,52600,51400,52100,84396,0.007736943907156624
52700,53600,52100,52700,153849,0.011516314779270731
52200,52800,51600,52800,116529,0.00189753320683117
52100,52600,51900,52100,134064,-0.013257575757575801
52500,52500,51300,51400,163699,-0.013435700575815779
51300,51700,51000,51300,128176,-0.0019455252918287869
51300,52300,51300,52200,162098,0.01754385964912286
53100,54500,52700,53000,332551,0.015325670498084198
53800,53800,52800,52900,134115,-0.0018867924528301883
53100,53700,52700,53100,110292,0.003780718336483968
53100,53500,52500,53100,126563,0.0
53200,53500,52800,53100,117699,0.0
53100,54200,53000,53100,207761,0.0
53100,53500,52500,52600,145718,-0.00941619585687381
52300,52300,51700,52000,136006,-0.011406844106463865
51900,53100,51400,51500,144314,-0.009615384615384581
51500,51800,50800,50900,117008,-0.011650485436893177
50700,51200,50500,50700,114953,-0.003929273084479323
50700,50700,49850,50000,124934,-0.013806706114398382
50400,50600,50100,50200,91148,0.0040000000000000036
49950,50500,49900,50400,85172,0.003984063745019917
50600,50700,50200,50600,114940,0.003968253968253954
50600,51200,50400,50600,1082831,0.0
50900,51200,50900,51200,83265,0.011857707509881354
51300,51500,50900,51300,61625,0.001953125
51100,51500,49900,50200,177373,-0.021442495126705707
50200,50500,49900,49950,132611,-0.004980079681274896
50000,50500,48950,49150,276975,-0.016016016016015988
48900,49000,48450,48650,123443,-0.010172939979654072
48550,49100,48550,48800,73065,0.0030832476875641834
48550,49100,48550,48850,91795,0.0010245901639345245
48800,49100,48800,49000,74163,0.003070624360286489
49400,49600,48900,49400,182183,0.008163265306122547
49400,49700,49300,49450,88208,0.0010121457489877805
49500,50100,49300,49550,99627,0.002022244691607611
49350,50300,49300,50300,140846,0.015136226034308864
50100,50500,49900,50300,72466,0.0
50400,50700,50100,50200,55919,-0.001988071570576566
50300,50800,50200,50600,73806,0.007968127490039834
50500,50800,50400,50600,68946,0.0
50600,50800,50100,50600,99542,0.0
50700,50900,50100,50300,109298,-0.005928853754940677
50300,50700,50100,50700,92682,0.007952286282306265
50500,51400,50300,51300,132294,0.01183431952662728
51200,52500,51200,52300,258703,0.01949317738791434
52600,52700,51600,51700,131811,-0.01147227533460804
51400,51800,50600,51100,133970,-0.011605415860735047
51400,51500,50900,51000,77876,-0.00195694716242667
50600,51200,50500,50800,89451,-0.0039215686274509665
50600,50800,50100,50600,100171,-0.003937007874015741
50600,51000,49850,50100,126899,-0.00988142292490124
50100,50100,49400,49600,140984,-0.009980039920159722
49600,49700,49150,49150,126768,-0.009072580645161255
49150,49500,48950,49500,88753,0.007121057985757906
49500,49700,49000,49050,130318,-0.009090909090909038
49350,49500,49000,49150,113887,0.0020387359836901986
49100,49350,48850,49100,90712,-0.0010172939979654627
48850,48950,48450,48550,123869,-0.011201629327902252
48200,48500,48200,48250,76508,-0.006179196704428458
48200,48200,46850,46850,201143,-0.02901554404145079
46900,47550,46150,46350,157142,-0.01067235859124871
46450,46450,45450,45450,129182,-0.01941747572815533
45050,47250,44850,46250,229915,0.017601760176017667
46800,46800,45800,46300,92245,0.00108108108108107
46300,46350,45800,45850,82292,-0.009719222462203025
45850,46050,45150,45200,58953,-0.014176663031624903
45100,45650,44650,44650,80944,-0.012168141592920345
44300,45000,44200,44250,135027,-0.00895856662933936
44350,44500,43550,43600,165254,-0.014689265536723117
43400,43750,42200,43200,233606,-0.00917431192660545
42600,43350,42300,42350,155769,-0.01967592592592593
42900,43250,42400,43150,66876,0.018890200708382432
43000,43600,42500,42500,434248,-0.015063731170335992
42800,42850,42000,42000,125269,-0.0117647058823529
41900,42200,41650,42050,145845,0.0011904761904761862
42050,42300,41750,42200,89214,0.00356718192627814
42000,43000,41900,42800,111127,0.014218009478673022
43000,43150,42600,42700,69580,-0.002336448598130869
43000,43250,42600,42650,66539,-0.0011709601873536313
42450,42900,42350,42700,104745,0.0011723329425556983
42700,43250,42600,43150,77855,0.01053864168618257
43400,43650,43200,43400,86205,0.005793742757821629
43400,43850,43400,43700,102270,0.00691244239631339
43700,43950,43300,43800,91374,0.0022883295194509046
43850,43850,43150,43350,122916,-0.010273972602739767
43750,44000,42950,43100,72980,-0.005767012687427964
43150,43600,43100,43250,61440,0.0034802784222738303
43550,44000,43500,43750,76355,0.011560693641618602
43950,44500,43900,44300,93325,0.012571428571428678
44150,44800,44000,44000,192526,-0.006772009029345383
44050,45100,44050,44700,115546,0.015909090909090873
44650,45050,44500,44850,128213,0.003355704697986628
44600,44750,44350,44400,96998,-0.010033444816053505
44250,44750,43250,44350,105544,-0.0011261261261261701
44200,44650,43800,44000,67573,-0.007891770011273946
44700,44750,43900,44150,76400,0.003409090909090917
44150,44400,43800,44300,88502,0.003397508493771184
44500,44750,44000,44050,96697,-0.0056433408577878375
44350,44350,43700,44000,77731,-0.0011350737797957144
43700,44400,43700,44350,88394,0.007954545454545547
44300,44300,41900,42150,181917,-0.049605411499436314
42200,42200,40850,41050,161451,-0.0260972716488731
41000,41200,40200,40400,165619,-0.015834348355663774
40350,41000,40350,40900,92635,0.012376237623762387
40900,41850,40650,41150,85352,0.006112469437652868
41150,41500,40400,40400,85801,-0.018226002430133614
40200,40750,39950,40350,105002,-0.0012376237623762387
40450,40450,38550,39250,262762,-0.027261462205700138
39250,39250,38400,38450,158763,-0.020382165605095537
38600,38900,38450,38750,117218,0.007802340702210753
38350,38750,38150,38350,98355,-0.010322580645161339
38350,38550,37950,38050,176384,-0.007822685788787531
38100,38450,37550,37600,146516,-0.01182654402102501
37300,37750,36650,36850,185282,-0.019946808510638347
36900,37000,36150,36400,166750,-0.012211668928086894
36000,36350,35200,35200,159271,-0.03296703296703296
34950,35400,34600,34700,164921,-0.014204545454545414
34350,34600,34000,34000,189712,-0.02017291066282423
33900,34600,33800,34300,132014,0.008823529411764675
33800,34250,33450,33700,174711,-0.017492711370262426
33200,33400,31300,31650,328855,-0.060830860534124676
30950,32900,30700,31900,213935,0.00789889415481837
31700,32000,31000,31200,144907,-0.021943573667711602
31600,32350,31250,31900,187694,0.022435897435897356
31950,32250,31450,31550,148152,-0.010971786833855801
31450,31450,30950,31300,96915,-0.007923930269413626
31000,31200,30850,31000,105802,-0.009584664536741228
31200,31500,30300,30450,182850,-0.01774193548387093
30400,30450,29600,29800,171052,-0.021346469622331665
29800,31500,29800,31400,183367,0.05369127516778516
31200,32050,31200,31800,167595,0.01273885350318471
31750,32100,31400,31900,107171,0.003144654088050425
31900,32700,31650,31900,240637,0.0
31350,33150,31200,32600,209693,0.021943573667711602
31650,32650,31650,32250,102523,-0.010736196319018454
32400,33400,32300,32800,270857,0.01705426356589146
32600,33050,32600,32950,97681,0.004573170731707377
33050,33400,32800,32800,92992,-0.004552352048558417
32950,33450,32950,33350,108994,0.0167682926829269
33400,34100,33100,33650,96127,0.008995502248875464
33500,34300,33450,33800,142616,0.004457652303120341
33750,34250,33550,34050,103081,0.007396449704142105
34200,34450,33900,33950,138722,-0.002936857562408246
33850,34150,33600,33950,70211,0.0
34050,34900,34000,34700,103056,0.022091310751104487
34500,35150,34500,35050,85933,0.01008645533141217
35100,35900,35100,35700,151493,0.01854493580599148
35950,36700,35850,36550,135985,0.023809523809523725
36700,37900,36250,37800,232489,0.03419972640218871
38000,38400,37500,37550,153586,-0.006613756613756627
38050,38050,36500,37000,162622,-0.01464713715046606
37000,37500,36500,36650,148967,-0.009459459459459474
36850,37800,36750,37650,156705,0.027285129604365688
37650,38400,37650,37950,165907,0.007968127490039834
37950,38400,37300,37350,120412,-0.015810276679841917
37500,38200,37300,37600,106517,0.006693440428380271
37750,37750,36050,36450,128174,-0.030585106382978733
36900,36900,35800,36250,87679,-0.005486968449931462
36250,37300,36150,36850,84517,0.016551724137930934
36500,36550,35700,35750,75230,-0.02985074626865669
35650,35850,35100,35250,119084,-0.013986013986013957
34950,35950,34900,35800,62033,0.015602836879432536
35900,36900,35850,36150,90576,0.009776536312849249
35800,36500,35550,36050,90912,-0.0027662517289073207
36700,36700,36200,36350,68051,0.00832177531206657
36700,37800,36600,37450,126937,0.030261348005502064
37300,38650,37300,38550,133531,0.029372496662216196
38800,39000,37750,37850,134889,-0.01815823605706879
37800,39450,37800,38450,207264,0.01585204755614278
39200,39400,38500,38550,153173,0.002600780234070177
38600,38900,37500,37550,114854,-0.025940337224383936
37800,38500,37750,38100,105757,0.01464713715046595
38100,38300,37550,37700,93243,-0.01049868766404205
37600,37950,37000,37750,82464,0.0013262599469496816
37150,37700,36650,37250,127479,-0.013245033112582738
36850,37600,36750,37000,67609,-0.006711409395973145
37300,37350,36750,37000,94796,0.0
37000,37100,36600,36700,95251,-0.008108108108108136
36700,37000,36500,36500,88290,-0.00544959128065392
36500,36500,35900,36250,60057,-0.006849315068493178
36400,37100,36200,36850,117085,0.016551724137930934
36750,37000,36550,37000,76316,0.004070556309362372
36750,37450,36550,37250,158203,0.006756756756756799
37200,37850,37050,37500,97945,0.006711409395973256
37500,37650,36950,37050,104133,-0.01200000000000001
36950,37250,36550,36800,75010,-0.006747638326585648
36700,36800,36100,36200,106879,-0.016304347826086918
36200,36550,35650,35800,114901,-0.011049723756906049
36000,36050,35600,35950,92802,0.0041899441340782495
36250,37200,36000,36900,138943,0.026425591098748313
36900,36950,36500,36800,59423,-0.0027100271002710175
36550,36800,36200,36700,79884,-0.0027173913043477826
36300,36850,36200,36400,94946,-0.008174386920980936
36300,36450,35000,35300,137616,-0.030219780219780223
35400,35450,34950,35100,75031,-0.005665722379603388
35150,35700,35150,35550,66325,0.012820512820512775
35400,35700,35350,35350,238713,-0.005625879043600568
35950,36450,35550,35650,78867,0.008486562942008558
35650,36450,35450,36250,86883,0.016830294530154388
36550,36750,35550,35650,89334,-0.016551724137931045
35650,36250,35600,35950,79509,0.008415147265077083
35400,36000,35400,35800,61934,-0.004172461752433909
35200,35700,35050,35450,92074,-0.009776536312849138
35450,35600,34900,35000,75570,-0.012693935119887145
35050,35450,34500,34650,83193,-0.010000000000000009
34650,34800,34200,34450,78122,-0.005772005772005762
34450,34800,34350,34650,57917,0.005805515239477588
34650,35700,34400,34650,131110,0.0
34800,35550,34750,35350,162684,0.02020202020202011
35500,36600,35500,36250,155530,0.02545968882602545
36250,38350,36250,37550,445312,0.035862068965517135
37350,38050,37050,37950,172026,0.010652463382157196
37950,38300,37800,38050,136054,0.0026350461133068936
38000,39100,37850,38550,101251,0.013140604467805517
38750,39300,38450,39050,211671,0.012970168612191912
39300,39450,38500,38800,102932,-0.006402048655569814
38650,39000,38650,38750,80072,-0.0012886597938144284
38800,39100,38700,39000,98407,0.006451612903225712
38450,38900,38250,38850,92038,-0.0038461538461538325
38850,39000,38500,38950,62973,0.002574002574002643
38650,38750,37600,37700,126017,-0.03209242618741981
37700,38050,37150,37350,96088,-0.009283819628647216
36850,37100,36450,36650,87830,-0.018741633199464536
36850,37250,36550,36750,80878,0.0027285129604366354
36350,36700,35400,35450,136450,-0.03537414965986396
35650,36050,35450,35800,117480,0.009873060648801113
35600,35800,35200,35250,152778,-0.015363128491620137
35250,36800,35100,36650,252389,0.039716312056737646
36400,37400,36100,36350,138566,-0.008185538881309684
36250,36600,36150,36550,92180,0.005502063273727709
36400,36500,35750,35900,110187,-0.017783857729138153
35900,36350,35650,35700,98902,-0.005571030640668551
38950,42800,37400,37750,2999304,0.05742296918767509
37600,39100,36600,37200,964767,-0.014569536423841067
36950,37400,36650,36700,381988,-0.013440860215053752
36500,39300,36500,38900,760040,0.05994550408719346
38000,38300,37200,37900,420664,-0.02570694087403602
38100,38350,37050,37300,273926,-0.0158311345646438
37200,37500,36100,36200,236753,-0.029490616621983934
36050,36400,35300,35300,188260,-0.024861878453038666
34400,34850,33650,34150,222548,-0.03257790368271951
34050,34800,33850,34400,185389,0.007320644216691097
34450,34600,33900,33950,166690,-0.013081395348837233
34100,35200,34050,35150,193437,0.0353460972017674
34850,35100,34500,34650,94270,-0.014224751066856278
34500,34550,33850,34200,137224,-0.012987012987012991
34500,35100,34100,35000,138260,0.023391812865497075
34850,35300,34650,35000,137479,0.0
35050,35600,34950,35000,177711,0.0
34650,34900,34000,34100,289250,-0.02571428571428569
33700,34450,33700,33850,135408,-0.007331378299120228
33800,33800,32650,33300,251964,-0.01624815361890697
33500,33500,32500,32500,158798,-0.024024024024024038
33000,33500,32000,32050,277191,-0.013846153846153841
31650,32000,31050,31050,197210,-0.03120124804992197
30350,30400,29750,29850,247129,-0.03864734299516903
29150,30200,29150,29600,250326,-0.008375209380234505
29250,29700,29200,29250,182480,-0.011824324324324342
29300,29700,29150,29200,143869,-0.0017094017094017033
29050,29100,28200,29050,331505,-0.005136986301369828
28600,29300,28550,29000,156544,-0.0017211703958691649
29400,30000,29350,29600,138666,0.020689655172413834
29250,31550,29200,29850,168848,0.008445945945946054
30000,31100,29900,30950,152393,0.03685092127303191
30800,30800,29900,30100,159051,-0.02746365105008075
29350,29650,29000,29100,138147,-0.03322259136212624
28550,29650,28550,29200,161905,0.0034364261168384758
29200,29700,28700,29050,174929,-0.005136986301369828
28500,28950,26800,27150,310050,-0.06540447504302926
25000,26150,24350,25650,469101,-0.05524861878453036
25800,26100,24700,24900,215890,-0.0292397660818714
23400,24750,23400,23650,258102,-0.050200803212851364
23750,24250,22150,22400,238157,-0.052854122621564525
22550,23000,20100,20350,297873,-0.0915178571428571
20050,21850,20050,21400,338433,0.051597051597051635
20100,21750,20050,21100,210343,-0.014018691588784993
21700,22200,21050,22200,288322,0.05213270142180093
22900,24500,22600,24200,359348,0.09009009009009006
24300,25200,23800,23950,316777,-0.010330578512396715
24900,25250,23550,24250,299241,0.012526096033402823
23750,24150,22850,23750,288176,-0.020618556701030966
24150,24550,23450,24000,314619,0.010526315789473717
23750,24150,23150,23150,265707,-0.03541666666666665
23150,24100,22700,24000,175291,0.036717062634989306
24050,24150,23400,23950,119093,-0.002083333333333326
23950,24600,23750,24550,234225,0.025052192066805867
25100,25450,24750,25200,343802,0.026476578411405383
25150,27300,24750,25800,386025,0.023809523809523725
26500,26900,25900,26300,268691,0.019379844961240345
26050,26750,25950,26600,222226,0.011406844106463865
26500,26600,25850,25850,192433,-0.02819548872180455
26100,27050,25900,26800,211649,0.03675048355899424
26500,27050,26000,26550,208764,-0.009328358208955279
26950,27650,26650,27450,219659,0.03389830508474567
27450,28050,27100,27550,234617,0.0036429872495447047
27350,27550,25900,26600,253096,-0.03448275862068961
25950,26400,25500,26400,225607,-0.007518796992481258
26500,27500,26400,27450,194049,0.03977272727272729
27450,27450,26500,26500,167132,-0.03460837887067392
26600,29300,26600,28700,399661,0.08301886792452828
29400,37300,28800,37300,6209735,0.29965156794425085
38600,46650,38600,40100,20172140,0.07506702412868638
39250,44600,37400,40050,9857591,-0.0012468827930174342
40150,43000,39050,39050,3017930,-0.024968789013732784
40050,40800,38350,39050,2659892,0.0
39150,40550,38650,38750,1647279,-0.007682458386683688
38500,39400,37800,37850,1321752,-0.023225806451612874
37750,39300,37300,37950,1821221,0.0026420079260238705
37500,38250,37000,37500,657777,-0.011857707509881465
37200,37850,35800,35950,963014,-0.04133333333333333
36200,37000,35350,36250,890227,0.008344923504867818
36500,36850,35850,35900,441316,-0.0096551724137931
36250,37650,36200,36850,736788,0.026462395543175532
37050,37500,36700,37200,382641,0.009497964721845387
37600,37700,36850,37250,590163,0.0013440860215054862
37300,37300,35650,35700,490690,-0.041610738255033586
35700,36000,35100,35350,408175,-0.009803921568627416
35450,36700,35300,35650,514096,0.008486562942008558
35700,36550,35650,36100,386063,0.012622720897615736
36100,36300,34200,35200,515164,-0.024930747922437657
34900,35200,34250,34300,496848,-0.025568181818181768
34350,34900,34200,34800,260314,0.014577259475218707
34750,35750,34400,35600,306737,0.02298850574712641
35750,37750,35700,36050,1221189,0.012640449438202195
36150,36900,35900,36100,439270,0.001386962552011095
36100,36400,35300,36400,296103,0.008310249307479145
36750,37000,36300,36550,355541,0.004120879120879106
36750,37400,36600,36850,425027,0.008207934336525335
36850,37500,36550,36700,294509,-0.004070556309362261
36350,36700,35100,35550,468596,-0.03133514986376018
34000,34800,33400,34800,425559,-0.021097046413502074
34500,36150,33000,33000,647255,-0.051724137931034475
33800,35400,33650,35400,337718,0.07272727272727275
35350,35750,34750,34850,286838,-0.015536723163841804
34700,35200,34350,34500,257324,-0.010043041606886627
34700,35050,33800,35050,289322,0.01594202898550723
35050,37900,34600,37050,1213814,0.05706134094151216
36550,37800,34900,35350,1360984,-0.045883940620782715
35700,36650,34300,34300,761508,-0.02970297029702973
34300,35050,33000,33050,443756,-0.036443148688046656
32900,33200,32300,32400,284287,-0.01966717095310133
31500,32200,31050,31500,238911,-0.02777777777777779
31850,32500,31600,31600,233772,0.0031746031746031633
31700,32150,31450,31500,133749,-0.0031645569620253333
31350,32050,31350,31600,144400,0.0031746031746031633
31850,32100,31700,31850,156392,0.007911392405063333
31850,32200,31350,31800,142433,-0.0015698587127158659
32100,32100,31300,31350,204158,-0.014150943396226467
31500,31850,31450,31600,118482,0.00797448165869219
31600,31800,31400,31500,129122,-0.0031645569620253333
31300,31550,30100,30250,229318,-0.03968253968253965
30150,30800,30150,30650,155246,0.013223140495867813
30600,30900,30300,30850,134051,0.006525285481239873
31200,31700,31050,31350,176289,0.01620745542949753
31350,31550,31100,31450,85376,0.0031897926634769647
31600,31700,31150,31300,100096,-0.004769475357710662
31450,31750,31150,31550,107553,0.007987220447284393
31450,32000,31450,31800,144473,0.007923930269413626
31850,31950,31200,31300,253991,-0.01572327044025157
37250,38200,32700,33000,2314217,0.054313099041533475
32400,32400,31650,31750,381876,-0.037878787878787845
31350,32350,31350,31500,248702,-0.007874015748031482
31500,31750,31300,31350,195308,-0.004761904761904745
31100,31300,30850,30950,226327,-0.012759170653907526
31050,31400,30800,30900,181555,-0.001615508885298822
30900,31200,30800,31000,130394,0.003236245954692629
31000,31150,30450,30500,174780,-0.016129032258064502
30500,30950,30300,30800,150023,0.009836065573770592
30700,30800,30200,30350,307625,-0.01461038961038963
30350,31000,30200,30900,214426,0.01812191103789118
30700,31250,30500,30500,188709,-0.012944983818770184
30500,30750,30200,30650,173875,0.004918032786885185
30550,31550,30450,31450,322720,0.02610114192495927
31400,32450,31100,32250,335384,0.025437201907790197
32350,33250,32150,32450,416554,0.006201550387596955
33300,35100,33050,33450,925491,0.03081664098613257
32950,33000,30900,31000,408673,-0.07324364723467858
31050,31600,31050,31250,177265,0.008064516129032251
30900,31100,30400,30400,283892,-0.027200000000000002
30500,30750,30150,30350,204987,-0.00164473684210531
30300,30450,29600,29950,182575,-0.01317957166392092
30050,30750,30050,30700,139676,0.025041736227044975
30650,30850,30050,30250,153616,-0.014657980456026065
30150,30250,29900,29950,172332,-0.00991735537190086
30100,30550,30050,30550,152839,0.02003338898163598
30350,30850,30000,30000,205943,-0.018003273322422242
29900,30350,29850,30150,138944,0.004999999999999893
30200,30600,30150,30400,118507,0.008291873963515828
30400,30600,30200,30400,188061,0.0
29750,30200,29700,30050,182902,-0.011513157894736836
29950,30650,29800,30450,157429,0.01331114808652245
30550,30700,30250,30250,162638,-0.006568144499178974
29950,30300,29900,30000,139132,-0.008264462809917328
30100,30250,29950,29950,150801,-0.0016666666666667052
29900,30150,29850,30100,112853,0.005008347245408995
30150,31300,30150,30950,341267,0.028239202657807327
31050,31050,30500,30800,159543,-0.004846526655896577
30650,30850,30350,30400,138886,-0.012987012987012991
30500,30600,30100,30200,108271,-0.006578947368421018
30400,30400,30100,30250,106054,0.0016556291390728006
30250,30400,29850,29950,184383,-0.00991735537190086
29800,29900,29300,29350,181562,-0.02003338898163609
29350,29500,28950,28950,153799,-0.013628620102214661
28500,28550,28000,28050,212777,-0.031088082901554404
28150,28300,28000,28000,85803,-0.0017825311942959443
28150,28650,28100,28350,68635,0.012499999999999956
28800,28800,28400,28600,114856,0.008818342151675429
29200,29850,28700,29400,113723,0.027972027972027913
29200,29600,29150,29250,60791,-0.005102040816326481
29500,29500,28900,29000,103323,-0.008547008547008517
29450,29850,29250,29450,183236,0.01551724137931032
29700,30300,29500,30100,175926,0.022071307300509435
30100,30250,29700,30000,107399,-0.0033222591362126463
29900,30100,29300,29500,128163,-0.01666666666666672
29350,29500,28700,28900,196982,-0.02033898305084747
29100,29150,28450,28800,120136,-0.0034602076124568004
28700,29850,28700,29750,165378,0.03298611111111116
29500,29800,29100,29450,88884,-0.010084033613445342
29500,29800,29250,29800,132045,0.011884550084889645
29500,30050,29500,30050,111238,0.008389261744966348
30000,30100,29600,30050,144256,0.0
30200,30300,29750,29800,165321,-0.008319467554076532
29550,29750,29350,29400,112474,-0.01342281879194629
29150,29600,29150,29400,124235,0.0
28700,29200,28700,28900,125552,-0.017006802721088454
29150,29150,28400,28400,130225,-0.01730103806228378
28500,28900,28500,28800,61060,0.014084507042253502
28750,29300,28700,29250,75661,0.015625
29450,29550,29200,29350,84187,0.0034188034188034067
29350,29800,29300,29800,109098,0.015332197614991383
29800,30050,29550,29700,100741,-0.003355704697986628
30000,30400,29850,30300,272418,0.02020202020202011
30900,31150,30500,30750,326917,0.014851485148514865
30950,33000,30850,33000,810692,0.07317073170731714
32600,33650,32400,33100,390306,0.003030303030302939
32650,33150,32200,32200,220989,-0.027190332326283984
32300,33200,32250,32950,224265,0.02329192546583858
33550,34450,33250,33750,394169,0.02427921092564489
33750,33850,33300,33650,197621,-0.002962962962962945
33600,34250,33350,33800,198770,0.004457652303120341
33800,34350,33750,34300,217946,0.014792899408283988
34100,35000,33900,34950,447190,0.01895043731778423
35100,36300,34900,35850,667052,0.025751072961373467
36350,36350,34550,35300,463987,-0.015341701534170138
35500,35600,34650,35250,263071,-0.0014164305949008194
35250,36050,35000,35700,245978,0.012765957446808418
35750,35900,35050,35400,268750,-0.008403361344537785
35300,35350,34450,35100,245711,-0.008474576271186418
35150,35200,34700,35000,229235,-0.002849002849002802
35000,35600,34700,35600,209020,0.017142857142857126
35650,35750,34850,35100,233980,-0.014044943820224698
34800,34900,33750,34100,318261,-0.028490028490028463
34250,34600,33700,34300,166346,0.0058651026392961825
34350,34900,34250,34750,119315,0.013119533527696792
34850,35100,34350,34500,267625,-0.007194244604316502
34750,36200,34600,35500,435618,0.02898550724637672
35600,35600,34650,34700,218100,-0.022535211267605604
34750,34750,33900,34500,135238,-0.0057636887608069065
34700,35000,34500,34500,106101,0.0
34700,34700,34100,34300,113784,-0.005797101449275366
34300,34950,34300,34450,212187,0.004373177842565523
34550,34600,33800,34550,180014,0.002902757619738683
34600,35050,34050,34150,210221,-0.01157742402315487
34250,34500,33700,33950,166512,-0.005856515373352855
34000,34750,33850,34700,147765,0.022091310751104487
34700,35000,34550,34750,195981,0.0014409221902016434
34650,34650,34100,34300,162685,-0.012949640287769792
34300,35300,34100,35300,236970,0.029154518950437414
35250,35250,34400,35100,233955,-0.005665722379603388
34600,35700,34600,35500,258766,0.01139601139601143
35500,36550,35250,35650,422639,0.004225352112676051
35850,36700,35650,36200,464024,0.015427769985974837
36800,37200,36350,37150,549227,0.026243093922651894
37000,37050,35250,35400,583291,-0.0471063257065949
35400,37100,35100,36700,524677,0.03672316384180796
37050,37050,36100,36500,264742,-0.00544959128065392
36500,37950,36150,37550,593572,0.02876712328767117
37650,37750,36400,36400,407888,-0.030625832223701743
35750,35750,34550,34800,401138,-0.04395604395604391
34900,35850,34700,35500,254576,0.02011494252873569
35850,35900,34900,35400,218110,-0.0028169014084507005
35500,36200,35100,35900,295845,0.01412429378531077
36000,37300,35650,36400,434281,0.013927576601671321
36450,36800,36150,36350,297575,-0.0013736263736263687
36400,36400,35100,35150,368892,-0.03301237964236592
35250,35500,34650,34850,214267,-0.008534850640113834
34200,34600,33700,33900,263853,-0.027259684361549463
33950,34200,32300,32450,364026,-0.042772861356932146
32000,32950,32000,32950,173607,0.015408320493066174
33100,33950,32800,33450,167242,0.015174506828528056
33800,34100,33400,33800,129281,0.010463378176382765
33950,33950,33050,33150,126943,-0.019230769230769273
33250,33650,33100,33450,98092,0.009049773755656076
33500,34850,33350,34650,209982,0.03587443946188351
34900,35400,34700,34850,236234,0.005772005772005873
34850,35350,34150,35050,150282,0.0057388809182210565
35050,35450,34950,35200,119552,0.004279600570613384
35150,35350,34800,35250,106061,0.0014204545454545858
34950,35000,34350,34550,171701,-0.019858156028368823
34350,34950,34100,34100,161777,-0.013024602026049159
34600,34750,33150,33850,205654,-0.007331378299120228
33900,34250,33550,33600,110421,-0.00738552437223039
33850,34300,33400,34000,161949,0.011904761904761862
34250,34400,33250,33350,162519,-0.019117647058823573
33750,34050,33350,33900,111430,0.016491754122938573
33500,33600,32900,33600,206763,-0.008849557522123908
33750,33900,33300,33400,110469,-0.005952380952380931
33250,33950,33250,33900,121279,0.014970059880239583
33550,33650,33050,33300,220781,-0.017699115044247815
33000,33050,32550,32800,134245,-0.01501501501501501
33050,33100,32800,32950,110829,0.004573170731707377
32950,33600,32800,33400,193714,0.01365705614567525
33400,33550,33000,33050,105300,-0.010479041916167664
33200,33400,32900,32950,136621,-0.00302571860816947
33300,33400,33000,33100,158610,0.004552352048558417
33100,33400,32950,32950,162059,-0.004531722054380682
33000,33500,33000,33350,131265,0.012139605462822445
33350,33450,33050,33200,111616,-0.004497751124437732
33300,33450,33150,33200,130580,0.0
32950,33000,32700,32700,228510,-0.015060240963855387
32900,32900,32550,32750,123308,0.001529051987767538
33400,33800,33000,33100,384211,0.010687022900763399
33100,33150,32700,32700,167741,-0.012084592145015116
32700,33150,32600,32900,126860,0.006116207951070374
33000,33800,33000,33650,226895,0.022796352583586588
33800,33850,33450,33700,134483,0.0014858841010401136
33750,33950,33550,33650,95639,-0.0014836795252225476
33650,34000,33500,34000,160303,0.010401188707280795
34050,34150,33600,33600,121133,-0.0117647058823529
33650,33800,33500,33700,101323,0.0029761904761904656
33650,33700,33450,33700,110115,0.0
33700,33850,33350,33400,106387,-0.008902077151335286
33400,33650,33300,33500,71489,0.0029940119760478723
33650,33650,33450,33500,113388,0.0
33500,33600,33350,33450,104805,-0.0014925373134327957
33500,33500,33200,33350,142406,-0.002989536621823663
33300,33650,33300,33350,125693,0.0
33400,33450,33250,33350,139259,0.0
33400,34800,33350,34550,473277,0.0359820089955023
34700,34900,34400,34500,235759,-0.0014471780028944004
34550,35200,34200,35000,275381,0.01449275362318847
35000,35600,35000,35500,231947,0.014285714285714235
35600,35600,34700,34850,242734,-0.018309859154929553
35000,35000,34350,34500,195731,-0.010043041606886627
34600,34950,34150,34650,128777,0.004347826086956497
35050,35600,34650,35600,247962,0.02741702741702734
35850,36600,35800,36350,554119,0.02106741573033699
36350,36700,35400,35550,302083,-0.022008253094910613
36100,37450,36000,36800,695067,0.035161744022503605
37100,37600,36300,36600,328018,-0.005434782608695676
36350,36500,34700,34750,790617,-0.050546448087431695
34750,35400,34200,35000,370752,0.007194244604316502
34800,35500,34550,35450,403239,0.0128571428571429
35500,36350,35300,35550,386137,0.0028208744710860323
35850,39000,35850,38900,1611068,0.09423347398030946
38500,39300,38050,39000,639107,0.0025706940874035134
38700,38750,36950,37600,1110725,-0.03589743589743588
36600,38450,36600,38000,470446,0.010638297872340496
38450,38450,37350,37450,344064,-0.014473684210526305
37800,38200,37200,37600,396047,0.004005340453938633
38000,38450,37550,37700,365314,0.0026595744680850686
37700,37750,36450,36800,634222,-0.023872679045092826
36800,37000,35650,35750,558783,-0.028532608695652217
35950,36550,35150,35400,579356,-0.009790209790209836
35700,36850,35300,36800,744628,0.039548022598870025
36800,37550,36700,37200,538627,0.010869565217391353
37250,38800,37250,37950,2932407,0.02016129032258074
38450,38850,38000,38400,743678,0.011857707509881354
39000,41250,38800,41000,1504539,0.06770833333333326
41150,41800,40550,41050,658631,0.0012195121951219523
41400,42700,41100,42500,709051,0.035322777101096214
42600,43150,41150,41500,689440,-0.02352941176470591
41300,42550,40750,41800,542127,0.0072289156626506035
42300,42500,41550,42050,390247,0.005980861244019087
42100,43650,41650,42850,527072,0.019024970273483932
43450,43550,42650,42800,422685,-0.001166861143523934
42800,43250,42000,42450,360499,-0.008177570093457986
42450,42950,42100,42650,284371,0.004711425206124886
42600,42700,41450,42450,481572,-0.004689331770222793
42100,43000,40800,41000,718325,-0.0341578327444052
40900,41550,40500,41000,332703,0.0
40900,40900,40050,40350,541122,-0.01585365853658538
40350,40600,39650,40200,497767,-0.0037174721189591198
40000,40950,39650,39800,577137,-0.00995024875621886
40100,40600,39850,40150,343297,0.008793969849246297
40250,40250,39150,39200,379454,-0.023661270236612686
39100,39350,38500,39050,398880,-0.003826530612244916
38950,40000,38850,39650,230372,0.015364916773367376
39650,40250,39400,40000,284047,0.008827238335435084
40000,40200,39600,40200,233042,0.004999999999999893
40000,40400,39700,40200,239480,0.0
40350,40350,39150,39300,326024,-0.02238805970149249
39300,39900,39200,39350,316766,0.0012722646310432406
39400,39700,39200,39300,318341,-0.0012706480304955914
39300,39900,39000,39350,301525,0.0012722646310432406
39350,39400,38800,39200,248032,-0.003811944091486663
39100,39150,38100,38450,355520,-0.01913265306122447
37900,37900,37000,37700,411190,-0.01950585175552666
37750,38350,37700,38350,205234,0.01724137931034475
38650,39350,38650,38900,260983,0.014341590612777066
38950,39000,38200,38550,187761,-0.00899742930591263
38600,39050,38400,39050,149940,0.012970168612191912
39000,39600,38850,39450,282464,0.010243277848911658
39400,39450,38950,39200,155725,-0.006337135614702172
38650,39100,38450,38600,197196,-0.015306122448979553
38800,38850,38200,38300,124413,-0.007772020725388629
38450,38900,38250,38800,132539,0.01305483028720622
38800,39000,38300,38400,127703,-0.010309278350515427
38350,38450,37750,37850,228841,-0.01432291666666663
38000,38550,37650,37850,173369,0.0
37850,38250,37550,37900,226889,0.0013210039630118242
38350,38400,37800,38100,114464,0.005277044854881341
38100,38100,37500,37750,150263,-0.009186351706036766
37850,38100,37700,37850,99187,0.0026490066225166586
37700,37850,37200,37500,149599,-0.009247027741083214
37700,38450,37400,38400,153083,0.02400000000000002
38450,38550,38150,38300,82888,-0.0026041666666666297
38600,38600,38250,38400,90295,0.0026109660574411553
38300,38300,37800,37850,127420,-0.01432291666666663
37800,37800,37350,37400,119354,-0.011889035667106973
37400,37700,37100,37150,143024,-0.006684491978609652
37150,37500,36600,36650,183228,-0.013458950201884257
36650,36750,35750,35950,258913,-0.019099590723055893
35950,36200,35050,35100,198337,-0.02364394993045893
34900,36100,34800,36000,162302,0.02564102564102555
35800,35800,34250,34350,225877,-0.04583333333333328
34400,34850,33650,33750,183539,-0.017467248908296984
34000,34850,33800,34450,138820,0.020740740740740726
34700,35750,34550,35550,145690,0.03193033381712618
35600,35900,35050,35600,96904,0.0014064697609001975
35400,36000,35250,35300,127538,-0.008426966292134797
35000,35700,34850,35150,92781,-0.004249291784702569
35400,35850,35350,35550,91486,0.011379800853485111
35500,35650,34750,35500,122701,-0.0014064697609000865
35500,36200,35400,36000,118784,0.014084507042253502
36000,36050,35500,35550,144223,-0.012499999999999956
35550,35700,35350,35450,105656,-0.002812939521800284
35350,35700,35200,35550,80691,0.0028208744710860323
35300,35850,35300,35700,89351,0.00421940928270037
35150,35650,35050,35200,105342,-0.014005602240896309
35050,35400,34300,34300,175358,-0.025568181818181768
34300,34950,34200,34800,94448,0.014577259475218707
34800,35450,34800,35100,145778,0.008620689655172376
35250,35750,35200,35350,116133,0.007122507122507171
35200,35800,35200,35400,86594,0.0014144271570013522
35550,35700,34850,35000,136251,-0.011299435028248594
34900,35000,34400,34750,135023,-0.0071428571428571175
34550,34700,34150,34550,120369,-0.0057553956834532904
34650,34900,34350,34600,116854,0.0014471780028944004
34400,34700,34200,34350,95693,-0.007225433526011571
34200,34300,33900,34250,147184,-0.0029112081513827937
33650,34200,33500,33700,158032,-0.016058394160583966
33600,33800,33350,33700,160468,0.0
33400,33600,33000,33100,130417,-0.017804154302670572
32550,33050,32300,32800,177606,-0.009063444108761365
32800,33100,32100,32100,180029,-0.021341463414634165
32600,33050,32300,32750,90113,0.02024922118380057
32800,32950,32400,32700,106973,-0.0015267175572518665
32600,32800,32100,32400,113834,-0.00917431192660545
32400,32700,32200,32450,73808,0.0015432098765431057
32650,32900,32450,32900,93739,0.013867488443759735
33000,33700,33000,33600,123662,0.02127659574468077
33500,33700,33100,33150,129093,-0.013392857142857095
33200,33500,33000,33300,85670,0.004524886877828038
33200,33400,33050,33100,85726,-0.006006006006005982
33300,33550,33100,33450,119910,0.010574018126888296
33300,33600,33300,33400,76166,-0.001494768310911776
33450,34150,33200,34050,115524,0.019461077844311392
33950,34200,33850,34000,73116,-0.001468428781204123
34000,34000,33550,33650,74393,-0.010294117647058787
33750,33750,33150,33150,97592,-0.014858841010401136
33200,33350,32500,32700,125472,-0.013574660633484115
32700,33250,32650,33050,91863,0.010703363914372988
33050,33950,33050,33800,133838,0.0226928895612708
33900,33950,33250,33400,94552,-0.011834319526627168
33450,33950,33450,33600,93695,0.0059880239520957446
33650,33800,33000,33600,119450,0.0
33500,33900,33350,33800,87810,0.005952380952380931
33700,34200,33550,33550,88074,-0.007396449704141994
33450,33650,32950,33050,99021,-0.014903129657228065
32800,33000,32400,32500,110576,-0.016641452344931973
32500,33250,32500,33050,71783,0.01692307692307682
32950,33200,32750,33050,51612,0.0
32950,33150,32750,32950,53829,-0.00302571860816947
32950,33000,32550,32600,93293,-0.01062215477996964
32550,32600,32100,32100,117041,-0.015337423312883458
32100,32450,32000,32300,65289,0.006230529595015577
32150,32400,31850,32250,80953,-0.001547987616099089
32050,32250,32000,32100,64697,-0.0046511627906976605
32000,32300,31950,32100,74647,0.0
32050,32100,31800,31900,72804,-0.006230529595015577
31800,31850,30800,30900,153329,-0.031347962382445194
30000,30550,29900,30050,175309,-0.027508090614886682
30150,30250,28800,29000,161003,-0.03494176372712143
28650,29750,28650,29350,107612,0.012068965517241459
29100,30450,28850,30450,97280,0.03747870528109032
29800,30750,29700,30500,103804,0.0016420361247948545
30500,30750,30000,30650,73832,0.004918032786885185
30700,30950,30550,30950,80634,0.00978792822185981
31200,31350,30700,30850,105197,-0.003231017770597755
30750,31200,30700,31050,98483,0.006482982171799101
31000,31150,30750,31050,60163,0.0
31000,31450,30900,31050,54406,0.0
30800,31200,30700,30750,1048549,-0.009661835748792313
30650,30950,30500,30700,60968,-0.001626016260162566
30850,31050,30450,30950,65656,0.008143322475570036
30800,31400,30600,31350,96582,0.01292407108239102
31200,31200,30500,30650,90214,-0.022328548644338087
30750,30850,30400,30650,62102,0.0
30750,30850,30400,30500,96930,-0.004893964110929905
30600,30900,30550,30650,80188,0.004918032786885185
30650,30900,30600,30800,168341,0.004893964110929794
30850,31100,30700,30800,189787,0.0
30850,31150,30750,31100,238506,0.009740259740259827
30500,30700,30250,30250,208990,-0.02733118971061088
30250,30250,29850,29900,120271,-0.011570247933884281
29950,30200,29700,29850,81641,-0.0016722408026755842
29800,29850,29600,29800,90793,-0.0016750418760469454
29700,29800,29500,29650,210673,-0.005033557046979831
29650,29700,29200,29400,150056,-0.00843170320404718
29300,29450,29050,29300,136754,-0.003401360544217691
29250,29350,28900,29000,160312,-0.010238907849829393
28850,29100,28600,28700,222968,-0.010344827586206917
28850,29250,28800,29200,133852,0.017421602787456525
29050,29300,29050,29100,83380,-0.003424657534246589
28950,29000,28700,28900,140304,-0.0068728522336769515
28800,29000,28400,28650,126023,-0.00865051903114189
28650,28750,28200,28250,112556,-0.013961605584642212
28250,28350,28050,28250,95496,0.0
28250,28450,28050,28300,84165,0.001769911504424737
28100,28150,27700,27850,124337,-0.01590106007067138
27850,28350,27750,27950,114888,0.0035906642728904536
27850,27950,27050,27100,152290,-0.030411449016100156
27000,27450,26950,27050,110266,-0.0018450184501844769
26900,27200,25850,25900,199827,-0.04251386321626616
26000,26550,25600,26550,138320,0.025096525096525157
26850,27700,26800,27350,122470,0.030131826741996326
27100,28100,27100,28050,96586,0.025594149908592323
28100,28350,27850,28200,116145,0.005347593582887722
28400,28750,27700,27850,106702,-0.012411347517730542
28000,28250,27900,28050,52321,0.007181328545780907
28050,28500,28050,28350,89931,0.010695187165775444
28350,28550,28100,28250,88471,-0.003527336860670194
27900,28300,27800,28150,82866,-0.0035398230088495852
28300,28300,27850,28100,65266,-0.001776198934280604
28250,28600,28100,28450,85678,0.01245551601423478
28400,28850,28200,28450,119080,0.0
28300,29100,28100,29100,111262,0.02284710017574687
29000,29150,28750,29050,72179,-0.0017182130584192379
28650,28950,28400,28950,83296,-0.0034423407917383297
29200,29200,28700,29050,85741,0.003454231433505983
28750,29050,28600,28700,71723,-0.012048192771084376
28850,29150,28700,28900,85168,0.006968641114982521
28850,29150,28650,29050,65216,0.00519031141868509
29100,29600,28900,29450,110731,0.013769363166953541
29650,29800,29450,29600,91498,0.005093378607809784
29700,29800,29450,29600,74152,0.0
29400,29500,28850,29100,105338,-0.016891891891891886
29050,29100,28650,28750,67156,-0.012027491408934665
29600,30900,29350,30850,414521,0.07304347826086954
30550,31000,30500,31000,153976,0.004862236628849326
31000,31650,30700,31200,210645,0.006451612903225712
31100,31200,30450,30750,112344,-0.014423076923076872
31000,31450,30750,31450,130505,0.02276422764227637
31650,31800,30950,30950,164276,-0.015898251192368873
30900,31450,30850,31100,153953,0.004846526655896577
31250,31650,31150,31400,120955,0.009646302250803762
31400,31600,31250,31450,62015,0.0015923566878981443
31550,31800,31450,31550,97828,0.0031796502384737746
31600,32150,31450,32100,150700,0.017432646592709933
32100,32450,32000,32050,138622,-0.0015576323987538387
32000,32500,31900,32450,106937,0.012480499219968744
32650,32850,32500,32650,135483,0.006163328197226425
32850,32900,32400,32750,94004,0.003062787136294043
32750,32800,32300,32400,83613,-0.010687022900763399
32400,32750,32050,32600,114859,0.006172839506172867
32800,33550,32650,33500,202611,0.027607361963190247
33700,33700,33250,33600,110853,0.0029850746268655914
33350,33700,33250,33650,102521,0.0014880952380953438
33300,33550,32600,32750,145439,-0.026745913818722156
32500,32950,32050,32550,125106,-0.006106870229007688
32550,32900,32250,32500,75615,-0.001536098310291889
32500,32850,32050,32250,102308,-0.007692307692307665
32250,32850,32250,32750,78782,0.015503875968992276
32700,33100,32700,32950,81852,0.006106870229007688
32850,33150,32500,32950,97811,0.0
33050,33300,32800,33150,91344,0.006069802731411222
33450,33500,33150,33350,79297,0.006033182503770718
33000,33900,33000,33700,118519,0.010494752623688264
33900,34150,33700,34100,130464,0.011869436201780381
33850,34100,33600,34000,91317,-0.0029325513196480912
33400,33900,33300,33300,115001,-0.020588235294117685
33500,33750,33150,33200,108614,-0.0030030030030030463
32800,33000,32500,32850,93464,-0.010542168674698815
32900,34150,32750,34150,130927,0.03957382039573831
34250,34450,34100,34250,108770,0.002928257686676483
33950,34400,33800,34300,77613,0.0014598540145984717
34250,34350,34050,34300,83499,0.0
34300,34550,34200,34350,93143,0.001457725947521915
34050,34100,33650,33900,87341,-0.013100436681222738
33750,34450,33400,33550,128368,-0.010324483775811188
33000,33550,32750,33500,130638,-0.0014903129657227732
33100,33350,32800,33050,133905,-0.013432835820895495
32750,33800,32600,32900,122685,-0.004538577912254205
33450,34900,33100,34900,424505,0.0607902735562309
35000,35200,34600,34850,134680,-0.0014326647564469885
34850,35200,34000,34200,208530,-0.0186513629842181
34300,34600,34200,34200,109180,0.0
33300,33750,33000,33500,119974,-0.020467836257309968
33850,34400,33700,34200,94476,0.020895522388059806
34250,34350,33850,34200,52319,0.0
34050,34150,33600,33800,90986,-0.011695906432748537
34000,34550,33800,34200,98329,0.01183431952662728
34200,34600,34150,34200,78552,0.0
34600,34800,34400,34700,98746,0.014619883040935644
34900,35250,34850,35150,96262,0.012968299711815456
35150,35400,34800,35100,98642,-0.0014224751066855834
34750,35350,34600,35300,106235,0.005698005698005604
35300,35800,35300,35750,138089,0.012747875354107707
36000,36000,35750,35950,142649,0.005594405594405494
36100,37000,35900,36800,290396,0.02364394993045904
36850,37200,36050,36300,237209,-0.013586956521739135
36000,36150,35300,35650,149259,-0.017906336088154284
35050,35600,34700,35000,204983,-0.018232819074333828
34850,36100,34700,35850,211922,0.024285714285714244
35900,36250,35200,35400,146342,-0.012552301255230103
35650,36200,35600,35800,160942,0.011299435028248483
35050,36200,35050,35750,357460,-0.0013966480446927498
35800,36250,35400,35500,158352,-0.006993006993006978
36000,37300,35450,37050,334169,0.04366197183098586
37100,37350,36600,36850,254984,-0.005398110661268607
36750,37150,36000,36750,343299,-0.0027137042062415073
36350,37100,36050,36400,225768,-0.00952380952380949
36400,37050,36200,36850,222073,0.012362637362637319
36850,37000,36500,36850,112006,0.0
36550,37500,36550,37150,213739,0.008141112618724522
37300,37850,36900,37300,242784,0.004037685060565233
37750,38250,37350,37600,224041,0.008042895442359255
37950,37950,36750,37350,170173,-0.0066489361702127825
37450,37700,36600,37050,135764,-0.008032128514056214
36850,36950,34400,34500,478926,-0.06882591093117407
34900,35850,34550,35450,214054,0.02753623188405796
36000,36000,34950,35050,171357,-0.01128349788434413
35200,35250,33500,34050,281376,-0.02853067047075608
34050,34500,33450,34250,174698,0.005873715124816492
34400,34450,33050,33100,209650,-0.033576642335766405
33150,33450,32700,32950,160242,-0.004531722054380682
33100,33250,31800,32500,186341,-0.01365705614567525
32800,34100,32800,33900,158559,0.04307692307692301
34150,34150,33600,33600,77537,-0.008849557522123908
34150,35450,33550,35100,252551,0.044642857142857206
35100,35700,34750,34750,130552,-0.009971509971509973
34850,35400,34800,35300,88754,0.015827338129496438
35450,35950,35300,35800,91776,0.014164305949008416
35800,37000,35800,36800,223457,0.027932960893854775
36600,37200,36550,37150,146361,0.009510869565217295
37400,37500,37100,37250,154654,0.0026917900403768957
37450,37550,36900,37350,130868,0.0026845637583892135
37100,37500,37100,37250,108106,-0.0026773761713521083
37300,37350,36250,36350,179702,-0.024161073825503365
36300,37200,36300,37150,138405,0.022008253094910613
37150,37450,36700,37250,122776,0.0026917900403768957
37400,37500,37050,37350,96307,0.0026845637583892135
37400,37950,37150,37900,147168,0.014725568942436373
38000,38400,37950,38250,157276,0.00923482849604218
38400,39200,38250,39100,325351,0.022222222222222143
39200,39200,38750,39150,169288,0.0012787723785165905
39200,39400,38350,38900,225661,-0.0063856960408684715
38950,39350,38900,39300,148672,0.010282776349614497
39200,39450,38600,38950,154088,-0.008905852417302795
38950,38950,37500,38900,146817,-0.0012836970474967568
39100,39400,38750,39250,150847,0.008997429305912519
39000,39350,38500,39000,159623,-0.006369426751592355
38750,39150,38550,38900,93883,-0.002564102564102555
38900,39200,38700,39150,137890,0.006426735218509005
39150,40100,39150,40100,277290,0.024265644955300036
40100,40900,40050,40650,229197,0.013715710723191998
39500,40300,39500,40100,219667,-0.013530135301353052
40200,41150,39900,41100,222245,0.02493765586034913
41100,41650,40700,41450,317204,0.008515815085158085
41500,41650,40700,41400,219926,-0.0012062726176115257
41400,41450,40050,40950,267865,-0.010869565217391353
40800,41000,40250,40450,208243,-0.012210012210012167
40450,40900,40350,40550,102388,0.0024721878862794533
40600,40600,39650,40300,175186,-0.006165228113440224
39900,40900,39900,40900,199730,0.014888337468982549
41250,41300,39600,40600,236670,-0.007334963325183352
39500,40250,39250,39900,151908,-0.017241379310344862
39850,40750,39600,39950,158526,0.0012531328320801727
39950,40600,39600,39800,169553,-0.003754693366708417
39400,39900,39000,39650,151263,-0.0037688442211055717
39950,40000,39500,39800,94356,0.003783102143757988
39800,40150,39400,39950,116745,0.0037688442211054607
39850,40950,39300,40850,212830,0.02252816020025028
40950,40950,39750,39950,171990,-0.022031823745410017
39500,39700,38600,39450,254413,-0.01251564455569465
39400,40000,38600,40000,238559,0.013941698352344822
39650,40000,38250,38700,186463,-0.03249999999999997
39100,39350,38300,38750,153676,0.0012919896640826156
38000,38750,37800,38300,165823,-0.011612903225806437
38400,38850,37900,38700,119190,0.010443864229765065
39300,39300,38250,38900,144827,0.0051679586563306845
38950,39200,37200,37250,196818,-0.042416452442159414
37050,38050,36950,37950,268556,0.01879194630872494
36800,37850,36800,37050,183387,-0.02371541501976282
37000,39400,36850,39200,323023,0.05802968960863697
39050,39350,37250,37400,177109,-0.04591836734693877
38250,39250,38050,38800,193051,0.03743315508021383
38400,39000,37800,39000,189682,0.005154639175257714
39450,39450,38350,38700,158389,-0.007692307692307665
38550,38700,35200,35300,766292,-0.08785529715762275
35550,35800,34050,34200,539852,-0.031161473087818692
34250,34450,31900,32100,863277,-0.06140350877192979
32950,33850,32150,33550,503048,0.04517133956386288
33900,33950,32800,33000,211057,-0.016393442622950838
33000,33000,32150,32200,141371,-0.024242424242424288
32500,32900,32300,32500,164136,0.009316770186335477
32500,33650,32400,32950,145088,0.013846153846153841
32950,33000,32350,32600,130549,-0.01062215477996964
32550,34050,32450,33700,197219,0.033742331288343586
33300,34250,33300,33900,120721,0.005934718100890191
33450,34900,33400,34500,302109,0.017699115044247815
34500,35800,34300,35650,169101,0.03333333333333344
35600,35700,35000,35400,102949,-0.007012622720897643
35400,35750,35100,35500,127210,0.0028248587570620654
35600,35800,35100,35450,108603,-0.0014084507042253502
35150,35800,35000,35500,139939,0.0014104372355430161
35400,35950,33400,33500,766624,-0.05633802816901412
33400,33800,32700,33500,318099,0.0
33850,34000,33450,33850,216507,0.010447761194029903
33900,33950,33100,33800,225301,-0.001477104874446078
33550,33600,32250,32300,417637,-0.044378698224852076
32300,32550,31400,31750,323871,-0.017027863777089758
31450,32100,31000,32000,216051,0.007874015748031482
31900,32000,31450,31600,150253,-0.012499999999999956
31600,32300,31500,32300,160331,0.02215189873417711
32300,32450,31750,31800,156623,-0.015479876160990669
32000,32350,31750,31850,135056,0.0015723270440251014
31750,31900,31350,31800,85203,-0.0015698587127158659
31700,32550,31600,32400,102820,0.018867924528301883
32500,33050,32100,32850,179918,0.01388888888888884
33250,33250,32650,32650,114822,-0.0060882800608828
32850,32850,31950,32000,117063,-0.019908116385911168
32100,32250,31800,31950,106786,-0.0015625000000000222
31650,32100,31550,32000,79823,0.0015649452269170805
31850,33150,31850,32650,220327,0.020312499999999956
32950,32950,32250,32600,130225,-0.0015313935681470214
32850,33100,32500,32900,178209,0.009202453987730008
32900,33000,32150,32500,119551,-0.012158054711246202
32800,32850,32450,32750,104251,0.007692307692307665
32950,32950,32500,32950,132889,0.006106870229007688
32800,32850,32100,32150,113424,-0.02427921092564489
31800,32400,31650,32350,318027,0.0062208398133747345
32100,32450,32000,32200,67516,-0.004636785162287493
32100,32350,31850,31900,87215,-0.009316770186335366
32200,32350,31900,32100,74757,0.006269592476489061
32100,32600,32100,32600,129835,0.015576323987538832
32300,32600,32100,32350,142018,-0.0076687116564416735
32450,32950,32350,32800,118891,0.01391035548686248
32950,33000,32650,32950,191827,0.004573170731707377
31850,32350,31850,32150,161840,-0.02427921092564489
32000,32000,30750,30800,182971,-0.0419906687402799
